--
-- Script was generated by Devart dbForge Studio 2020 for MySQL, Version 9.0.338.0
-- Product home page: http://www.devart.com/dbforge/mysql/studio
-- Script date 5/12/2023 9:14:42 PM
-- Server version: 10.4.25
-- Client version: 4.1
--

-- 
-- Disable foreign keys
-- 
/*!40014 SET @OLD_FOREIGN_KEY_CHECKS=@@FOREIGN_KEY_CHECKS, FOREIGN_KEY_CHECKS=0 */;

-- 
-- Set SQL mode
-- 
/*!40101 SET @OLD_SQL_MODE=@@SQL_MODE, SQL_MODE='NO_AUTO_VALUE_ON_ZERO' */;

-- 
-- Set character set the client will use to send SQL statements to the server
--
SET NAMES 'utf8';

--
-- Set default database
--
USE `misa.hcsn.tvtam`;

--
-- Drop procedure `proc_ft_fixed_asset_active`
--
DROP PROCEDURE IF EXISTS proc_ft_fixed_asset_active;

--
-- Drop procedure `proc_ft_license_active`
--
DROP PROCEDURE IF EXISTS proc_ft_license_active;

--
-- Drop procedure `proc_insert_many_license_detail`
--
DROP PROCEDURE IF EXISTS proc_insert_many_license_detail;

--
-- Drop procedure `proc_select_item_fixed_asset`
--
DROP PROCEDURE IF EXISTS proc_select_item_fixed_asset;

--
-- Drop table `cost_source`
--
DROP TABLE IF EXISTS cost_source;

--
-- Drop view `view_get_newcode_fixed_asset`
--
DROP VIEW IF EXISTS view_get_newcode_fixed_asset CASCADE;

--
-- Drop procedure `proc_ft_license_detail`
--
DROP PROCEDURE IF EXISTS proc_ft_license_detail;

--
-- Drop procedure `proc_insert_fixed_asset`
--
DROP PROCEDURE IF EXISTS proc_insert_fixed_asset;

--
-- Drop procedure `proc_paging`
--
DROP PROCEDURE IF EXISTS proc_paging;

--
-- Drop procedure `proc_update_cost`
--
DROP PROCEDURE IF EXISTS proc_update_cost;

--
-- Drop procedure `proc_update_fixed_asset`
--
DROP PROCEDURE IF EXISTS proc_update_fixed_asset;

--
-- Drop procedure `proc_ft_fixed_asset`
--
DROP PROCEDURE IF EXISTS proc_ft_fixed_asset;

--
-- Drop function `Func_PaggingFixedAsset`
--
DROP FUNCTION IF EXISTS Func_PaggingFixedAsset;

--
-- Drop function `Func_SumDepreciationValue`
--
DROP FUNCTION IF EXISTS Func_SumDepreciationValue;

--
-- Drop function `Func_SumResquetsCost`
--
DROP FUNCTION IF EXISTS Func_SumResquetsCost;

--
-- Drop function `Func_SumResquetsQuantity`
--
DROP FUNCTION IF EXISTS Func_SumResquetsQuantity;

--
-- Drop table `fixed_asset`
--
DROP TABLE IF EXISTS fixed_asset;

--
-- Drop procedure `proc_update_department`
--
DROP PROCEDURE IF EXISTS proc_update_department;

--
-- Drop table `department`
--
DROP TABLE IF EXISTS department;

--
-- Drop procedure `proc_insert_fixed_asset_category`
--
DROP PROCEDURE IF EXISTS proc_insert_fixed_asset_category;

--
-- Drop table `fixed_asset_category`
--
DROP TABLE IF EXISTS fixed_asset_category;

--
-- Drop procedure `proc_insert_license_detail`
--
DROP PROCEDURE IF EXISTS proc_insert_license_detail;

--
-- Drop table `license_detail`
--
DROP TABLE IF EXISTS license_detail;

--
-- Drop procedure `proc_insert_license`
--
DROP PROCEDURE IF EXISTS proc_insert_license;

--
-- Drop procedure `proc_update_license`
--
DROP PROCEDURE IF EXISTS proc_update_license;

--
-- Drop table `license`
--
DROP TABLE IF EXISTS license;

--
-- Set default database
--
USE `misa.hcsn.tvtam`;

--
-- Create table `license`
--
CREATE TABLE license (
  license_id char(36) NOT NULL DEFAULT '' COMMENT 'ID chứng từ',
  license_code varchar(100) DEFAULT NULL COMMENT 'Mã chứng từ',
  license_date timestamp NULL DEFAULT NULL COMMENT 'Ngày chứng từ',
  increase_date timestamp NULL DEFAULT NULL COMMENT 'Ngày ghi tăng',
  total_price decimal(18, 0) DEFAULT NULL COMMENT 'Tổng nguyên giá',
  note text DEFAULT NULL COMMENT 'Ghi chú',
  created_by varchar(50) DEFAULT NULL COMMENT 'Người tạo',
  created_date timestamp NULL DEFAULT NULL COMMENT 'Ngày tạo ',
  modified_by varchar(50) DEFAULT NULL COMMENT 'Người sửa ',
  modified_date timestamp NULL DEFAULT NULL COMMENT 'Ngày sửa',
  PRIMARY KEY (license_id)
)
ENGINE = INNODB,
AVG_ROW_LENGTH = 5461,
CHARACTER SET utf8,
COLLATE utf8_general_ci,
COMMENT = 'bảng ghi tăng';

DELIMITER $$

--
-- Create procedure `proc_update_license`
--
CREATE DEFINER = 'root'@'localhost'
PROCEDURE proc_update_license (IN license_id char(36), IN license_code varchar(100), IN license_date timestamp, IN increase_date timestamp, IN note varchar(255))
BEGIN
  UPDATE license l
  SET l.license_code = license_code,
      l.license_date = license_date,
      l.increase_date = increase_date,
      l.note = note,
      l.modified_by = 'tvtam',
      l.modified_date = NOW()
  WHERE l.license_id = license_id;
END
$$

--
-- Create procedure `proc_insert_license`
--
CREATE DEFINER = 'root'@'localhost'
PROCEDURE proc_insert_license (IN license_code varchar(100), IN license_date timestamp, IN increase_date timestamp, IN total_price decimal(18, 4), IN note text, IN license_id char(36))
MODIFIES SQL DATA
COMMENT 'thêm chứng từ '
BEGIN
  INSERT license (license_id, license_code, license_date, increase_date, total_price, note, created_by, created_date, modified_by, modified_date)
    VALUES (license_id, license_code, license_date, increase_date, total_price, note, 'tvtam', NOW(), 'tvtam', NOW());
END
$$

DELIMITER ;

--
-- Create table `license_detail`
--
CREATE TABLE license_detail (
  license_detail_id char(36) NOT NULL DEFAULT '' COMMENT 'id chi tiết chứng từ ',
  fixed_asset_id char(36) NOT NULL DEFAULT '' COMMENT 'mã chứng từ ',
  created_by varchar(50) DEFAULT NULL COMMENT 'Người tạo',
  created_date timestamp NULL DEFAULT NULL COMMENT 'ngày tạo ',
  modified_by varchar(50) DEFAULT NULL COMMENT 'người sửa',
  modified_date timestamp NULL DEFAULT NULL COMMENT 'ngày sửa',
  license_id char(36) DEFAULT NULL,
  PRIMARY KEY (license_detail_id, fixed_asset_id)
)
ENGINE = INNODB,
AVG_ROW_LENGTH = 372,
CHARACTER SET utf8,
COLLATE utf8_general_ci,
COMMENT = 'bảng chi tiết chứng từ ';

DELIMITER $$

--
-- Create procedure `proc_insert_license_detail`
--
CREATE DEFINER = 'root'@'localhost'
PROCEDURE proc_insert_license_detail (IN fixed_asset_id char(36), IN license_id char(36))
COMMENT 'thêm mới bảng chi tiết chứng từ '
BEGIN
  INSERT license_detail (license_detail_id, fixed_asset_id, created_by, created_date, modified_by, modified_date, license_id)
    VALUES (UUID(), fixed_asset_id, 'tvtam', NOW(), 'tvtam', NOW(), license_id);

END
$$

DELIMITER ;

--
-- Create table `fixed_asset_category`
--
CREATE TABLE fixed_asset_category (
  fixed_asset_category_id char(36) NOT NULL COMMENT 'Id loại tài sản',
  fixed_asset_category_code varchar(50) DEFAULT NULL COMMENT 'Mã loại tài sản',
  fixed_asset_category_name varchar(255) DEFAULT NULL COMMENT 'Tên loại tài sản',
  organization_id char(36) DEFAULT NULL COMMENT 'Id của đơn vị',
  depreciation_rate float DEFAULT NULL COMMENT 'Tỷ lệ hao mòn (%)',
  life_time int(11) DEFAULT NULL COMMENT 'Số năm sử dụng ',
  description varchar(500) DEFAULT NULL COMMENT 'Ghi chú',
  created_by varchar(50) DEFAULT NULL COMMENT 'Người tạo',
  created_date timestamp NULL DEFAULT CURRENT_TIMESTAMP() COMMENT 'Ngày tạo',
  modified_by varchar(50) DEFAULT NULL COMMENT 'Người sửa',
  modified_date timestamp NULL DEFAULT CURRENT_TIMESTAMP() COMMENT 'Ngày sửa',
  PRIMARY KEY (fixed_asset_category_id)
)
ENGINE = INNODB,
AVG_ROW_LENGTH = 2340,
CHARACTER SET utf8mb4,
COLLATE utf8mb4_general_ci,
COMMENT = 'Loại tài sản';

DELIMITER $$

--
-- Create procedure `proc_insert_fixed_asset_category`
--
CREATE DEFINER = 'root'@'localhost'
PROCEDURE proc_insert_fixed_asset_category (IN fixed_asset_category_id char(36), IN fixed_asset_category_code varchar(50), IN fixed_asset_category_name varchar(255), IN depreciation_rate float, IN life_time int, IN description varchar(500))
COMMENT 'lọc và tìm kiếm '
BEGIN
  INSERT fixed_asset_category (fixed_asset_category_id, fixed_asset_category_code, fixed_asset_category_name, organization_id, depreciation_rate, life_time, description, created_by, created_date, modified_by, modified_date)
    VALUES (fixed_asset_category_id, fixed_asset_category_code, fixed_asset_category_name, '', depreciation_rate, life_time, description, 'tvtam', NOW(), 'mf1270', NOW());
END
$$

DELIMITER ;

--
-- Create table `department`
--
CREATE TABLE department (
  department_id char(36) NOT NULL,
  department_code varchar(50) DEFAULT NULL COMMENT 'Mã của phòng ban',
  department_name varchar(255) DEFAULT NULL COMMENT 'Tên phòng ban',
  description varchar(500) DEFAULT NULL COMMENT 'Ghi chú',
  is_parent bit(1) DEFAULT NULL COMMENT 'Có phải là cha không',
  parent_id char(36) DEFAULT NULL COMMENT 'Id phòng ban cha',
  organization_id char(36) DEFAULT NULL COMMENT 'Id của đơn vị',
  created_by varchar(50) DEFAULT NULL COMMENT 'Người tạo',
  created_date timestamp NULL DEFAULT CURRENT_TIMESTAMP() COMMENT 'Ngày tạo',
  modified_by varchar(50) DEFAULT NULL COMMENT 'Người sửa',
  modified_date timestamp NULL DEFAULT CURRENT_TIMESTAMP() COMMENT 'Ngày sửa',
  PRIMARY KEY (department_id)
)
ENGINE = INNODB,
AVG_ROW_LENGTH = 2048,
CHARACTER SET utf8mb4,
COLLATE utf8mb4_general_ci,
COMMENT = 'Danh mục phòng ban';

DELIMITER $$

--
-- Create procedure `proc_update_department`
--
CREATE DEFINER = 'root'@'localhost'
PROCEDURE proc_update_department (IN department_code varchar(50), IN department_name varchar(255), IN description varchar(500), IN department_id char(36))
BEGIN
  UPDATE department d
  SET department_code = department_code,
      department_name = department_name,
      description = description,
      modified_by = 'tvtam',
      modified_date = NOW()
  WHERE department_id = department_id;
END
$$

DELIMITER ;

--
-- Create table `fixed_asset`
--
CREATE TABLE fixed_asset (
  fixed_asset_id char(36) NOT NULL COMMENT 'Id tài sản',
  fixed_asset_code varchar(100) DEFAULT NULL COMMENT 'Mã tài sản',
  fixed_asset_name varchar(255) DEFAULT NULL COMMENT 'Tên tài sản',
  organization_id char(36) DEFAULT NULL COMMENT 'Id của đơn vị',
  organization_code varchar(50) DEFAULT NULL COMMENT 'Mã đơn vị',
  organization_name varchar(255) DEFAULT NULL COMMENT 'Tên của đơn vị',
  department_id char(36) DEFAULT NULL COMMENT 'Id phòng ban',
  department_code varchar(50) DEFAULT NULL COMMENT 'Mã phòng ban',
  department_name varchar(255) DEFAULT NULL,
  fixed_asset_category_id char(36) DEFAULT NULL COMMENT 'Id loại tài sản',
  fixed_asset_category_code varchar(50) DEFAULT NULL COMMENT 'Mã loại tài sản',
  fixed_asset_category_name varchar(255) DEFAULT NULL COMMENT 'Tên loại tài sản',
  purchase_date datetime DEFAULT CURRENT_TIMESTAMP() COMMENT 'Ngày mua',
  cost decimal(19, 0) DEFAULT NULL COMMENT 'nguyên giá',
  quantity int(11) DEFAULT 0 COMMENT 'Số lượng',
  depreciation_value decimal(19, 4) DEFAULT 0.0000 COMMENT 'Giá trị hao mòn năm',
  depreciation_rate float DEFAULT NULL COMMENT 'Tỷ lệ hao mòn (%)',
  tracked_year int(11) DEFAULT NULL COMMENT 'Năm bắt đầu theo dõi tài sản trên phần mềm',
  life_time int(11) DEFAULT NULL COMMENT 'Số năm sử dụng ',
  production_year datetime DEFAULT NULL COMMENT 'Năm sử dụng',
  active bit(1) DEFAULT b'0' COMMENT 'Sử dụng',
  created_by varchar(50) DEFAULT NULL COMMENT 'Người tạo',
  created_date timestamp NULL DEFAULT CURRENT_TIMESTAMP() COMMENT 'Ngày tạo',
  modified_by varchar(50) DEFAULT NULL COMMENT 'Người sửa',
  modified_date timestamp NULL DEFAULT CURRENT_TIMESTAMP() COMMENT 'Ngày sửa',
  cost_new text DEFAULT NULL,
  PRIMARY KEY (fixed_asset_id)
)
ENGINE = INNODB,
AVG_ROW_LENGTH = 4096,
CHARACTER SET utf8mb4,
COLLATE utf8mb4_general_ci;

--
-- Create foreign key
--
ALTER TABLE fixed_asset
ADD CONSTRAINT FK_fixed_asset_department_id FOREIGN KEY (department_id)
REFERENCES department (department_id) ON DELETE NO ACTION;

--
-- Create foreign key
--
ALTER TABLE fixed_asset
ADD CONSTRAINT FK_fixed_asset_fixed_asset_category_id FOREIGN KEY (fixed_asset_category_id)
REFERENCES fixed_asset_category (fixed_asset_category_id) ON DELETE NO ACTION ON UPDATE NO ACTION;

DELIMITER $$

--
-- Create function `Func_SumResquetsQuantity`
--
CREATE DEFINER = 'root'@'localhost'
FUNCTION Func_SumResquetsQuantity (txtSearch varchar(255), DepartmentId char(36), AssetCategoryId char(36))
RETURNS int(11)
COMMENT 'tổng số lượng '
BEGIN
  DECLARE ResultSum int;
  SELECT
    SUM(fa.quantity) INTO ResultSum
  FROM fixed_asset fa
  WHERE (fa.fixed_asset_code LIKE CONCAT('%', txtSearch, '%')
  OR fa.fixed_asset_name LIKE CONCAT('%', txtSearch, '%'))
  AND (fa.department_id = DepartmentId
  OR (DepartmentId IS NULL
  OR DepartmentId = ''))
  AND (fa.fixed_asset_category_id = AssetCategoryId
  OR (AssetCategoryId IS NULL
  OR AssetCategoryId = ''));
  RETURN ResultSum;
END
$$

--
-- Create function `Func_SumResquetsCost`
--
CREATE DEFINER = 'root'@'localhost'
FUNCTION Func_SumResquetsCost (txtSearch varchar(255), DepartmentId char(36), AssetCategoryId char(36))
RETURNS double
COMMENT 'tổng đơn giá '
BEGIN
  DECLARE ResultSumCost double;
  SELECT
    CAST(SUM(fa.cost) AS double) INTO ResultSumCost
  FROM fixed_asset fa
  WHERE (fa.fixed_asset_code LIKE CONCAT('%', txtSearch, '%')
  OR fa.fixed_asset_name LIKE CONCAT('%', txtSearch, '%'))
  AND (fa.department_id = DepartmentId
  OR (DepartmentId IS NULL
  OR DepartmentId = ''))
  AND (fa.fixed_asset_category_id = AssetCategoryId
  OR (AssetCategoryId IS NULL
  OR AssetCategoryId = ''));
  RETURN ResultSumCost;
END
$$

--
-- Create function `Func_SumDepreciationValue`
--
CREATE DEFINER = 'root'@'localhost'
FUNCTION Func_SumDepreciationValue (txtSearch varchar(255), DepartmentId char(36), AssetCategoryId char(36))
RETURNS double
COMMENT 'tính tổng giá trị hao mòn '
BEGIN
  DECLARE ResultSum double;
  SELECT
    CAST(SUM(((YEAR(NOW()) - YEAR(fa.production_year)) * 12 + (MONTH(NOW()) - MONTH(fa.production_year))) * (fa.cost * fa.depreciation_rate / 12)) AS double) INTO ResultSum
  FROM fixed_asset fa
  WHERE (fa.fixed_asset_code LIKE CONCAT('%', txtSearch, '%')
  OR fa.fixed_asset_name LIKE CONCAT('%', txtSearch, '%'))
  AND (fa.department_id = DepartmentId
  OR (DepartmentId IS NULL
  OR DepartmentId = ''))
  AND (fa.fixed_asset_category_id = AssetCategoryId
  OR (AssetCategoryId IS NULL
  OR AssetCategoryId = ''));
  RETURN ResultSum;
END
$$

--
-- Create function `Func_PaggingFixedAsset`
--
CREATE DEFINER = 'root'@'localhost'
FUNCTION Func_PaggingFixedAsset (txtSearch varchar(255), DepartmentId char(36), AssetCategoryId char(36))
RETURNS int(11)
COMMENT 'Hàm lọc ra các tài sản thỏa mãn và trả về số lượng'
BEGIN
  DECLARE ResultTotal int(11);
  SELECT
    COUNT(*) INTO ResultTotal
  FROM fixed_asset fa
  WHERE (fa.fixed_asset_code LIKE CONCAT('%', txtSearch, '%')
  OR fa.fixed_asset_name LIKE CONCAT('%', txtSearch, '%'))
  AND (fa.department_id = DepartmentId
  OR (DepartmentId IS NULL
  OR DepartmentId = ''))
  AND (fa.fixed_asset_category_id = AssetCategoryId
  OR (AssetCategoryId IS NULL
  OR AssetCategoryId = ''));
  RETURN ResultTotal;
END
$$

--
-- Create procedure `proc_ft_fixed_asset`
--
CREATE DEFINER = 'root'@'localhost'
PROCEDURE proc_ft_fixed_asset (IN PageNumber int, IN PageSize int, IN txtSearch varchar(255), IN DepartmentId char(36), IN AssetCategoryId char(36))
MODIFIES SQL DATA
COMMENT 'Proc phân trang và lọc các bản ghi thỏa mãn'
BEGIN
  DECLARE RecordStart int;
  SET RecordStart = (PageNumber - 1) * PageSize;

  SELECT
    fa.active,
    fa.cost_new,
    fa.fixed_asset_id,
    fa.fixed_asset_code,
    fa.fixed_asset_name,
    fa.life_time,
    d.department_id,
    d.department_code,
    d.department_name,
    fac.fixed_asset_category_id,
    fac.fixed_asset_category_code,
    fac.fixed_asset_category_name,
    fa.purchase_date,
    fa.cost,
    fa.depreciation_rate,
    fa.quantity,
    fa.tracked_year,
    fa.production_year,
    CAST(CAST((fa.cost * fa.depreciation_rate) AS int) AS double) AS depreciation_value,
    Func_PaggingFixedAsset(txtSearch, DepartmentId, AssetCategoryId) AS TotalRecord,
    CAST(CAST(Func_SumResquetsCost(txtSearch, DepartmentId, AssetCategoryId) AS int) AS double) AS TotalCost,
    CAST(CAST(Func_SumDepreciationValue(txtSearch, DepartmentId, AssetCategoryId) AS int) AS double) AS TotalDepreciationValue,
    CAST(CAST(Func_SumResquetsQuantity(txtSearch, DepartmentId, AssetCategoryId) AS int) AS double) AS TotalQuantity

  FROM fixed_asset fa
    INNER JOIN department d
      ON fa.department_id = d.department_id
    INNER JOIN fixed_asset_category fac
      ON fa.fixed_asset_category_id = fac.fixed_asset_category_id

  WHERE (fa.fixed_asset_code LIKE CONCAT('%', txtSearch, '%')
  OR fa.fixed_asset_name LIKE CONCAT('%', txtSearch, '%'))
  AND (d.department_id = DepartmentId
  OR (DepartmentId IS NULL
  OR DepartmentId = ''))
  AND (fac.fixed_asset_category_id = AssetCategoryId
  OR (AssetCategoryId IS NULL
  OR AssetCategoryId = ''))
  ORDER BY fa.modified_date DESC LIMIT RecordStart, PageSize;
END
$$

--
-- Create procedure `proc_update_fixed_asset`
--
CREATE DEFINER = 'root'@'localhost'
PROCEDURE proc_update_fixed_asset (IN fixed_asset_id char(36), IN fixed_asset_code varchar(100), IN fixed_asset_name varchar(255), IN department_id char(36), IN department_code varchar(50), IN department_name varchar(255), IN fixed_asset_category_id char(36), IN fixed_asset_category_code varchar(50), IN fixed_asset_category_name varchar(255), IN purchase_date datetime, IN cost float, IN quantity int, IN depreciation_value float, IN depreciation_rate float, IN tracked_year int, IN life_time int, IN production_year datetime)
COMMENT 'sửa tài sản'
BEGIN
  UPDATE fixed_asset fa
  SET fa.fixed_asset_code = fixed_asset_code,
      fa.fixed_asset_name = fixed_asset_name,
      fa.department_id = department_id,
      fa.department_code = department_code,
      fa.department_name = department_name,
      fa.fixed_asset_category_id = fixed_asset_category_id,
      fa.fixed_asset_category_code = fixed_asset_category_code,
      fa.fixed_asset_category_name = fixed_asset_category_name,
      fa.purchase_date = purchase_date,
      fa.cost = cost,
      fa.quantity = quantity,
      fa.depreciation_value = depreciation_value,
      fa.depreciation_rate = depreciation_rate,
      fa.tracked_year = tracked_year,
      fa.life_time = life_time,
      fa.production_year = production_year,
      fa.modified_by = 'TVTam',
      fa.modified_date = NOW()
  WHERE fa.fixed_asset_id = fixed_asset_id;

END
$$

--
-- Create procedure `proc_update_cost`
--
CREATE DEFINER = 'root'@'localhost'
PROCEDURE proc_update_cost (IN v_cost decimal, IN v_new_cost text, IN v_fixed_asset_id char(36), IN v_license_id char(36))
BEGIN
  DECLARE sumTotal decimal;
  UPDATE fixed_asset fa
  SET cost = v_cost,
      modified_by = 'tvtam',
      modified_date = NOW(),
      cost_new = v_new_cost
  WHERE fa.fixed_asset_id = v_fixed_asset_id;

  SELECT
    SUM(fa.cost) INTO sumTotal
  FROM license_detail ld
    INNER JOIN fixed_asset fa
      ON ld.fixed_asset_id = fa.fixed_asset_id
  WHERE ld.license_id = v_license_id;
  UPDATE license l
  SET total_price = sumTotal,
      modified_by = 'tvtam',
      modified_date = NOW()
  WHERE license_id = v_license_id;
END
$$

--
-- Create procedure `proc_paging`
--
CREATE DEFINER = 'root'@'localhost'
PROCEDURE proc_paging (txtSearch varchar(255), DepartmentId char(36), AssetCategoryId char(36))
BEGIN

  SELECT
    fa.fixed_asset_id,
    fa.fixed_asset_code,
    fa.fixed_asset_name,
    fa.life_time,
    d.department_id,
    d.department_code,
    d.department_name,
    fac.fixed_asset_category_id,
    fac.fixed_asset_category_code,
    fac.fixed_asset_category_name,
    fa.purchase_date,
    fa.cost,
    fa.depreciation_rate,
    fa.quantity,
    fa.tracked_year,
    fa.production_year,
    CAST(CAST((fa.cost * fa.depreciation_rate) AS int) AS double) AS depreciation_value

  FROM fixed_asset fa
    INNER JOIN department d
      ON fa.department_id = d.department_id
    INNER JOIN fixed_asset_category fac
      ON fa.fixed_asset_category_id = fac.fixed_asset_category_id

  WHERE (fa.fixed_asset_code LIKE CONCAT('%', txtSearch, '%')
  OR fa.fixed_asset_name LIKE CONCAT('%', txtSearch, '%'))
  AND (d.department_id = DepartmentId
  OR (DepartmentId IS NULL
  OR DepartmentId = ''))
  AND (fac.fixed_asset_category_id = AssetCategoryId
  OR (AssetCategoryId IS NULL
  OR AssetCategoryId = ''))
  ORDER BY fa.modified_date;
END
$$

--
-- Create procedure `proc_insert_fixed_asset`
--
CREATE DEFINER = 'root'@'localhost'
PROCEDURE proc_insert_fixed_asset (IN fixed_asset_code varchar(100), IN fixed_asset_name varchar(255), IN department_id char(36), IN department_code varchar(50), IN department_name varchar(255), IN fixed_asset_category_id char(36), IN fixed_asset_category_code varchar(50), IN fixed_asset_category_name varchar(255), IN purchase_date datetime, IN cost float, IN quantity int, IN depreciation_value float, IN depreciation_rate float, IN tracked_year int, IN life_time int, IN production_year datetime)
COMMENT 'thêm mới tài sản '
BEGIN
  INSERT fixed_asset (fixed_asset_id, fixed_asset_code, fixed_asset_name, organization_id, organization_code, organization_name, department_id, department_code, department_name, fixed_asset_category_id, fixed_asset_category_code, fixed_asset_category_name, purchase_date, cost, quantity, depreciation_value, depreciation_rate, tracked_year, life_time, production_year, active, created_by, created_date, modified_by, modified_date)
    VALUES (UUID(), fixed_asset_code, fixed_asset_name, NULL, NULL, NULL, department_id, department_code, department_name, fixed_asset_category_id, fixed_asset_category_code, fixed_asset_category_name, purchase_date, cost, quantity, depreciation_value, depreciation_rate, tracked_year, life_time, production_year, 0, 'TVanTam', NOW(), 'mf1270', NOW());
END
$$

--
-- Create procedure `proc_ft_license_detail`
--
CREATE DEFINER = 'root'@'localhost'
PROCEDURE proc_ft_license_detail (IN id_license char(36))
BEGIN
  SELECT
    fa.fixed_asset_id,
    fa.fixed_asset_code,
    fa.fixed_asset_name,
    fa.department_name,
    fa.cost,
    CAST(CAST((fa.cost * fa.depreciation_rate) AS int) AS double) AS depreciation_value,
    CAST(CAST((fa.cost - fa.cost * fa.depreciation_rate) AS int) AS double) AS value_end
  FROM fixed_asset fa
    INNER JOIN license_detail ld
      ON fa.fixed_asset_id = ld.fixed_asset_id
  WHERE ld.license_id = id_license;
END
$$

DELIMITER ;

--
-- Create view `view_get_newcode_fixed_asset`
--
CREATE
DEFINER = 'root'@'localhost'
VIEW view_get_newcode_fixed_asset
AS
SELECT
  SUBSTR(`fixed_asset`.`fixed_asset_code`, 3) AS `SUBSTRING(fixed_asset_code, 3)`
FROM `fixed_asset`
WHERE `fixed_asset`.`fixed_asset_code` LIKE 'TS%'
ORDER BY CAST(SUBSTR(`fixed_asset`.`fixed_asset_code`, 3) AS SIGNED) DESC LIMIT 1;

--
-- Create table `cost_source`
--
CREATE TABLE cost_source (
  cost_source_id char(36) NOT NULL DEFAULT '' COMMENT 'id nguồn chi phí',
  cost_source_code varchar(100) DEFAULT NULL COMMENT 'mã nguồn chi phí',
  cost_source_name varchar(200) DEFAULT NULL COMMENT 'tên nguồn chi phí',
  PRIMARY KEY (cost_source_id)
)
ENGINE = INNODB,
AVG_ROW_LENGTH = 4096,
CHARACTER SET utf8,
COLLATE utf8_general_ci,
COMMENT = 'nguồn chi phí';

DELIMITER $$

--
-- Create procedure `proc_select_item_fixed_asset`
--
CREATE DEFINER = 'root'@'localhost'
PROCEDURE proc_select_item_fixed_asset (IN list_codes varchar(21844), IN PageNumber int, IN PageSize int, IN txtSearch varchar(255))
BEGIN
  DECLARE RecordStart int;
  SET RecordStart = (PageNumber - 1) * PageSize;
  SET @dataQuery = CONCAT('SELECT fa.cost_new, fa.fixed_asset_id,fa.fixed_asset_code,fa.fixed_asset_name,fa.department_name,fa.fixed_asset_category_id,fa.fixed_asset_category_name,fa.cost, CAST(CAST((fa.cost * fa.depreciation_rate) AS int) AS DOUBLE ) AS depreciation_value,
 CAST(CAST((fa.cost - fa.cost * fa.depreciation_rate) AS int) AS DOUBLE ) AS value_end
  FROM fixed_asset fa 
  WHERE (fa.fixed_asset_code LIKE', CONCAT(' "%', txtSearch, '%" '), 'OR fa.fixed_asset_name LIKE', CONCAT(' "%', txtSearch, '%" '),
  ') and fa.fixed_asset_id IN ( ', list_codes, ') ',
  'ORDER BY fa.modified_date DESC LIMIT ', RecordStart, ',', PageSize);

  SET @total = CONCAT('select COUNT(*) as TotalRecord  ,
  CAST(SUM(((YEAR(NOW()) - year(fa.production_year)) * 12 +  (MONTH(NOW()) - MONTH(fa.production_year))) * (fa.cost * fa.depreciation_rate/12)) AS DOUBLE) as TotalDepreciationValue,
  CAST(SUM(fa.cost) AS DOUBLE) as TotalCost
 FROM fixed_asset fa  WHERE (fa.fixed_asset_code LIKE', CONCAT(' "%', txtSearch, '%" '), 'OR fa.fixed_asset_name LIKE', CONCAT(' "%', txtSearch, '%" '),
  ') and fa.fixed_asset_id IN ( ', list_codes, ') ');
  PREPARE dataQuery FROM @dataQuery;
  EXECUTE dataQuery;
  PREPARE paging FROM @total;
  EXECUTE paging;

END
$$

--
-- Create procedure `proc_insert_many_license_detail`
--
CREATE DEFINER = 'root'@'localhost'
PROCEDURE proc_insert_many_license_detail (IN values_insert varchar(10000))
BEGIN

  SET @insert_string = CONCAT('INSERT INTO license_detail (license_detail_id, fixed_asset_id, created_by, created_date, modified_by, modified_date, license_id)
  VALUES ', values_insert);

  PREPARE insert_string FROM @insert_string;
  EXECUTE insert_string;
  DEALLOCATE PREPARE insert_string;




END
$$

--
-- Create procedure `proc_ft_license_active`
--
CREATE DEFINER = 'root'@'localhost'
PROCEDURE proc_ft_license_active (IN list_codes varchar(21844), IN PageNumber int, IN PageSize int, IN txtSearch varchar(255), IN id_license char(36))
BEGIN
  DECLARE RecordStart int;
  SET RecordStart = (PageNumber - 1) * PageSize;
  SET @dataQuery = CONCAT('SELECT * FROM license l WHERE l.license_code LIKE ', CONCAT(' "%', txtSearch, '%" '), 'OR l.note LIKE', CONCAT(' "%', txtSearch, '%" ')
  , 'ORDER BY l.modified_date DESC LIMIT ', RecordStart, ',', PageSize);

  SET @total = CONCAT('select COUNT(*) as TotalRecord  , CAST(SUM(l.total_price) AS DOUBLE) as TotalCost
 FROM license l  WHERE l.license_code LIKE ', CONCAT(' "%', txtSearch, '%" '), 'OR l.note LIKE', CONCAT(' "%', txtSearch, '%" '));
  PREPARE dataQuery FROM @dataQuery;
  EXECUTE dataQuery;
  PREPARE paging FROM @total;
  EXECUTE paging;
END
$$

--
-- Create procedure `proc_ft_fixed_asset_active`
--
CREATE PROCEDURE proc_ft_fixed_asset_active (IN list_codes varchar(21844), IN PageNumber int, IN PageSize int, IN txtSearch varchar(255), IN id_license char(36))
SQL SECURITY INVOKER
BEGIN
  DECLARE RecordStart int;
  SET RecordStart = (PageNumber - 1) * PageSize;
  SET @dataQuery = CONCAT('SELECT fa.cost_new,fa.fixed_asset_id,fa.fixed_asset_code,fa.fixed_asset_name,fa.department_name,fa.fixed_asset_category_id,fa.fixed_asset_category_name,fa.cost, CAST(CAST((fa.cost * fa.depreciation_rate) AS int) AS DOUBLE ) AS depreciation_value
, CAST(CAST((fa.cost - fa.cost * fa.depreciation_rate) AS int) AS DOUBLE ) AS value_end
  FROM fixed_asset fa LEFT JOIN license_detail ld ON fa.fixed_asset_id = ld.fixed_asset_id
  WHERE (fa.fixed_asset_code LIKE', CONCAT(' "%', txtSearch, '%" '), 'OR fa.fixed_asset_name LIKE', CONCAT(' "%', txtSearch, '%" '),
  ') and (fa.active = 0 OR ld.license_id = "', id_license, '" ) and fa.fixed_asset_id NOT IN ( ', list_codes, ') ',
  'ORDER BY fa.modified_date DESC LIMIT ', RecordStart, ',', PageSize);

  SET @total = CONCAT('select COUNT(*) as TotalRecord  ,
  CAST(SUM(((YEAR(NOW()) - year(fa.production_year)) * 12 +  (MONTH(NOW()) - MONTH(fa.production_year))) * (fa.cost * fa.depreciation_rate/12)) AS DOUBLE) as TotalDepreciationValue,
  CAST(SUM(fa.cost) AS DOUBLE) as TotalCost  
 FROM fixed_asset fa LEFT JOIN license_detail ld ON fa.fixed_asset_id = ld.fixed_asset_id WHERE (fa.fixed_asset_code LIKE', CONCAT(' "%', txtSearch, '%" '), 'OR fa.fixed_asset_name LIKE', CONCAT(' "%', txtSearch, '%" '),
  ') and (fa.active = 0 OR ld.license_id = "', id_license, '") and fa.fixed_asset_id NOT IN ( ', list_codes, ') ');
  PREPARE dataQuery FROM @dataQuery;
  EXECUTE dataQuery;
  PREPARE paging FROM @total;
  EXECUTE paging;

END
$$

DELIMITER ;

-- 
-- Dumping data for table fixed_asset_category
--
INSERT INTO fixed_asset_category VALUES
('148ed882-32b8-218e-9c20-39c2f00615e8', 'K2X', 'CellPhone', '5e6695e2-5aad-3241-6c1a-bb545470e80c', 0.4, 5, 'Ut doloremque iste debitis quo sit aspernatur repellendus qui; libero dolores rerum corporis beatae amet natus ea eligendi. Nam perspiciatis expedita maiores perferendis est numquam provident accusamus. Aperiam ex esse consequatur est at voluptatem pariatur commodi. Quo nam et ipsa et est et qui dolor.', 'tvTam', '2023-03-16 20:12:27', 'tvtam', '2000-12-03 13:09:32'),
('1b691e79-236d-5b5a-9d20-39c2f00615e8', '1Q7', 'Oppo', '11fbda18-5d9f-396c-1299-04b3a3d51ef2', 0.8, 8, 'Recusandae quia quasi fuga quasi quis omnis quo quasi; accusantium et aperiam quis error ipsam et quae et.', 'tvTam', '2023-03-17 01:34:06', 'tvtam', '1975-03-26 01:40:13'),
('25c6c36e-1668-7d10-6e09-bf1378b8dc91', '8BT', 'Xiaomi\r\n', '6207a9a7-3bf9-7288-8565-390639088226', 0.1, 2, 'Nam non nam quo molestiae voluptatem non eius omnis. Quis est neque at fugit totam placeat sed cumque? Voluptatem officiis natus dignissimos vel in et quod modi. Et sit ex sit rem doloremque odio vel totam!', 'tvTam', '2023-03-20 15:25:24', 'tvtam', '2007-12-06 04:27:28'),
('354f1b13-17bf-1b52-87d5-ba100c6f7bce', '1BD', 'SamSung', '60e226cb-63fb-4363-fc4d-8601bf3d85d8', 0.7, 7, 'Ea atque aut quaerat aliquid laborum necessitatibus tenetur. Sed cupiditate sed tempora perferendis tempora itaque nihil est. Aut aliquam culpa. Et quia inventore error voluptate inventore vitae dolores consequuntur. Ea qui est perspiciatis aspernatur. Optio veritatis debitis deleniti sunt consequatur sunt! Omnis itaque id sed recusandae ducimus voluptate sed.', 'tvTam', '2023-03-17 00:36:50', 'tvtam', '1971-03-21 00:01:08'),
('3700cc49-55b5-69ea-4929-a2925c0f334d', 'QKZ', 'Nokia', '6d81a322-63f0-7270-6d1a-bb545470e80c', 0.3, 6, 'Placeat qui hic nobis dolorem officia nihil commodi vel.', 'tvTam', '2023-03-17 18:52:00', 'tvtam', '1971-03-21 01:08:43'),
('3b86d2ed-446c-5fce-56be-406293204378', '739', 'Vivo', '76598eb0-20b1-664e-8665-390639088226', 0.6, 1, 'Voluptatum adipisci provident. Dolorem cupiditate et ducimus ut cum distinctio. Aliquid officiis et soluta corporis sunt sit aut asperiores. Deleniti dolores amet incidunt corrupti commodi ut. Dolor ea est aperiam ut ullam et; molestiae voluptas facere illo. Eveniet molestiae qui. Et nemo ab adipisci debitis. Error quod labore. Commodi provident consequuntur!', 'tvTam', '2023-03-16 01:59:48', 'tvtam', '2005-12-30 11:05:23'),
('6b47b37f-3123-3ce7-14cf-9712082ff6cb', '9A7', 'RedMi', '5ada22d3-3248-6596-6e1a-bb545470e80c', 0.2, 4, 'Perspiciatis ipsa voluptatem aut omnis dicta debitis incidunt molestiae. Delectus veritatis voluptatem qui explicabo consequatur reprehenderit aliquid voluptatibus! Eligendi corrupti exercitationem qui sed facilis dicta aut sequi. Voluptatem perspiciatis non eligendi sed? Eligendi repudiandae vitae ut consequuntur. Voluptas aut neque in qui. Vel molestias non iste; vero distinctio voluptates.', 'tvTam', '2023-03-13 00:09:27', 'tvtam', '2005-01-29 20:18:20');

-- 
-- Dumping data for table department
--
INSERT INTO department VALUES
('11452b0c-768e-5ff7-0d63-eeb1d8ed8cef', 'BVP', 'Phòng Tuyển Dụng', 'Sed natus et id illo harum et exercitationem impedit.', False, '13009936-3cb7-1bd0-f47e-9b9c7c262a46', '677132b4-2a33-68d1-26c2-579daad24557', 'TVTam', '2013-05-15 10:09:56', 'tvtam', '2019-02-01 16:31:13'),
('142cb08f-7c31-21fa-8e90-67245e8b283e', 'MKT\r\n', 'Phòng Thu Ngân', 'Praesentium excepturi architecto ipsum possimus sit at qui; molestiae autem sit atque aliquid nobis necessitatibus. Ipsam itaque amet velit maiores error! Similique ea quis sed officiis eum quia quam. Sed porro odio natus error velit consequatur hic vero! Vel error dicta velit nam quia ut omnis repellendus.', False, '692d207a-12fe-54e6-6351-12b245ff3d02', '3304dddb-1b72-607f-25c2-579daad24557', 'TVTam', '1971-01-01 00:07:13', 'tvtam', '1971-01-01 00:00:04'),
('17120d02-6ab5-3e43-18cb-66948daf6128', 'PKH', 'Phòng Bảo Vệ ', 'Unde inventore ut non velit neque. Harum sequi rerum iste nihil mollitia et quaerat. Sunt nostrum est? Deserunt voluptas quibusdam. Et tenetur error deserunt; nostrum deleniti reprehenderit molestiae est error animi qui. Neque consequatur inventore et. Exercitationem rerum dolorem qui recusandae nam voluptatem natus saepe.', False, '42a518ba-6c9d-6654-ee52-311a04b496f9', '6c80a684-1cb5-41af-ff34-60b3ebf808a9', 'TVTam', '1984-08-05 16:10:43', 'tvtam', '2000-04-12 10:22:47'),
('4577565a-7e3e-493a-74dd-867949feb8b5', 'PNS', 'Phòng Chăm Sóc Khách Hàng\r\n', 'Impedit ut porro voluptas natus odit repellat. Ea molestiae nulla dolor rerum et quo quas nam. Itaque dolores soluta rerum nisi distinctio deserunt. Quibusdam quaerat est! Illum et ut ad natus ducimus unde omnis eum. Corrupti eaque velit repellat eaque non perspiciatis unde quis.', True, '335247c0-5fe2-71e9-f57e-9b9c7c262a46', '28cd1599-63bf-785f-4f80-7ed9d1ea06ea', 'TVTam', '2006-10-27 23:26:19', 'tvtam', '1982-05-22 14:45:22'),
('469b3ece-744a-45d5-957d-e8c757976496', 'PTN', 'Phòng Đào Tạo', 'Ullam recusandae sunt tempore temporibus fugiat similique error sit. Sit nisi ipsum suscipit aut architecto voluptas fugit at.', False, '77b3727c-71c0-3b4d-0cca-194e61bec35f', '57cdf8c4-47e3-5560-7e41-c1ec321fe728', 'TVTam', '1985-01-19 12:48:27', 'tvtam', '1998-01-31 11:32:09'),
('4e272fc4-7875-78d6-7d32-6a1673ffca7c', 'EDK', 'Phòng Nhân Sự\r\n', 'Similique sed et quo nemo omnis facilis aliquam soluta. Natus quis ratione quaerat quas officia dolores nihil maxime. Quaerat et omnis labore molestiae voluptatibus molestiae recusandae dicta. Laboriosam sint rerum explicabo repudiandae sed molestiae voluptatibus natus.', False, '77c7d624-6477-5f23-6f1d-bb3758d4bac0', '506acf1e-5331-67a9-0d77-d9ebc53aac3d', 'TVTam', '2004-02-01 04:13:56', 'tvtam', '1971-01-01 00:00:08'),
('7686595d-16d5-33b3-0080-e8e2a817c80e', 'NVP', 'Phòng Nội Vụ', 'Consequatur cum autem sint corporis. Error officiis dolorem ut enim voluptatem unde non ratione. Sint autem et adipisci. Quia qui obcaecati tempore dignissimos quaerat qui veritatis sed? Recusandae et nihil sed temporibus perferendis nemo dolores culpa! Sed unde voluptatem ut est sit perspiciatis minus soluta.', False, '3935b678-50a9-3b25-57d2-3c86733c21a7', '5fab4ff7-1b8e-64d0-1880-de64d090a2c2', 'TVTam', '2008-11-15 06:04:40', 'tvtam', '2007-08-25 17:55:27'),
('768f8e64-7d10-20c9-967d-e8c757976496', 'PTD', 'Phòng Maketing', 'Et perspiciatis a ipsum nemo dolores eveniet. Aperiam blanditiis numquam autem consequatur vero et? Sunt error quaerat itaque perferendis non sunt ut repellat. Unde aperiam blanditiis quos non error dignissimos veniam possimus. Maiores nihil dolores! Voluptatem porro sit quia. Natus animi delectus tenetur consequatur. Omnis consequatur sit totam nihil quae officia.', True, '4d9c0dc3-5955-719d-0dca-194e61bec35f', '197fda97-5a35-781d-0e77-d9ebc53aac3d', 'TVTam', '2009-03-23 22:00:42', 'tvtam', '1993-05-06 02:30:53');

-- 
-- Dumping data for table license_detail
--
INSERT INTO license_detail VALUES
('33736151-e70d-11ed-9bbf-6c2b59ff60e6', '12a3b1c2-3be3-4332-d0f8-494a84b910f4', 'tvtam', '2023-04-30 11:12:05', 'tvtam', '2023-04-30 11:12:05', '8fc0e4c3-c1f5-4ede-b503-4d80d08300b4'),
('337414e5-e70d-11ed-9bbf-6c2b59ff60e6', '14a8e3b9-111b-323d-d2c7-6c0aeb6ec302', 'tvtam', '2023-04-30 11:12:05', 'tvtam', '2023-04-30 11:12:05', '8fc0e4c3-c1f5-4ede-b503-4d80d08300b4'),
('3374183b-e70d-11ed-9bbf-6c2b59ff60e6', '1696afd7-6db8-201b-0d28-030d4265475f', 'tvtam', '2023-04-30 11:12:05', 'tvtam', '2023-04-30 11:12:05', '8fc0e4c3-c1f5-4ede-b503-4d80d08300b4'),
('337419e6-e70d-11ed-9bbf-6c2b59ff60e6', '16ce4d84-29e9-1aef-7978-553c0310877a', 'tvtam', '2023-04-30 11:12:05', 'tvtam', '2023-04-30 11:12:05', '8fc0e4c3-c1f5-4ede-b503-4d80d08300b4'),
('33741b8f-e70d-11ed-9bbf-6c2b59ff60e6', '16e49592-4ca3-18fd-ee12-ebbbcf065d1c', 'tvtam', '2023-04-30 11:12:05', 'tvtam', '2023-04-30 11:12:05', '8fc0e4c3-c1f5-4ede-b503-4d80d08300b4'),
('33741d3e-e70d-11ed-9bbf-6c2b59ff60e6', '1786e061-1526-3304-e712-ebbbcf065d1c', 'tvtam', '2023-04-30 11:12:05', 'tvtam', '2023-04-30 11:12:05', '8fc0e4c3-c1f5-4ede-b503-4d80d08300b4'),
('61e2d2be-edb8-11ed-9eca-6c2b59ff60e6', '143b3b04-6662-339b-c2ad-cb989f2177da', 'tvtam', '2023-05-08 22:51:51', 'tvtam', '2023-05-08 22:51:51', '5d77e892-be55-46aa-8b04-e3841428fef7'),
('61e3bc9b-edb8-11ed-9eca-6c2b59ff60e6', '15adae7e-2155-332a-fcdc-845b5dcdad45', 'tvtam', '2023-05-08 22:51:51', 'tvtam', '2023-05-08 22:51:51', '5d77e892-be55-46aa-8b04-e3841428fef7'),
('61e3cc52-edb8-11ed-9eca-6c2b59ff60e6', '1e7105cd-2e6b-7478-f212-ebbbcf065d1c', 'tvtam', '2023-05-08 22:51:51', 'tvtam', '2023-05-08 22:51:51', '5d77e892-be55-46aa-8b04-e3841428fef7'),
('61e3ee62-edb8-11ed-9eca-6c2b59ff60e6', '1eb5deeb-28e1-37b7-1d28-030d4265475f', 'tvtam', '2023-05-08 22:51:51', 'tvtam', '2023-05-08 22:51:51', '5d77e892-be55-46aa-8b04-e3841428fef7'),
('61e3ff4a-edb8-11ed-9eca-6c2b59ff60e6', '1f01b2b4-46e7-2c18-c0ad-cb989f2177da', 'tvtam', '2023-05-08 22:51:51', 'tvtam', '2023-05-08 22:51:51', '5d77e892-be55-46aa-8b04-e3841428fef7'),
('61e4ad5d-edb8-11ed-9eca-6c2b59ff60e6', '1f296827-79b6-76a8-d6c7-6c0aeb6ec302', 'tvtam', '2023-05-08 22:51:51', 'tvtam', '2023-05-08 22:51:51', '5d77e892-be55-46aa-8b04-e3841428fef7'),
('61e4b0c1-edb8-11ed-9eca-6c2b59ff60e6', '20590a33-7eb6-1eb9-eb29-16c01537719a', 'tvtam', '2023-05-08 22:51:51', 'tvtam', '2023-05-08 22:51:51', '5d77e892-be55-46aa-8b04-e3841428fef7'),
('61e4b2b7-edb8-11ed-9eca-6c2b59ff60e6', '20624ddc-1412-159d-88c3-d3ede7a72094', 'tvtam', '2023-05-08 22:51:51', 'tvtam', '2023-05-08 22:51:51', '5d77e892-be55-46aa-8b04-e3841428fef7'),
('61e4b449-edb8-11ed-9eca-6c2b59ff60e6', '218fdce1-3b40-5065-d5c7-6c0aeb6ec302', 'tvtam', '2023-05-08 22:51:51', 'tvtam', '2023-05-08 22:51:51', '5d77e892-be55-46aa-8b04-e3841428fef7'),
('61e4b5f2-edb8-11ed-9eca-6c2b59ff60e6', '2257a02e-13f4-6366-7d78-553c0310877a', 'tvtam', '2023-05-08 22:51:51', 'tvtam', '2023-05-08 22:51:51', '5d77e892-be55-46aa-8b04-e3841428fef7'),
('61e4b75d-edb8-11ed-9eca-6c2b59ff60e6', '225de1fd-4256-3711-f4dc-845b5dcdad45', 'tvtam', '2023-05-08 22:51:51', 'tvtam', '2023-05-08 22:51:51', '5d77e892-be55-46aa-8b04-e3841428fef7'),
('61e4b8bc-edb8-11ed-9eca-6c2b59ff60e6', '23310552-1239-637d-dbc7-6c0aeb6ec302', 'tvtam', '2023-05-08 22:51:51', 'tvtam', '2023-05-08 22:51:51', '5d77e892-be55-46aa-8b04-e3841428fef7'),
('61e4ba1a-edb8-11ed-9eca-6c2b59ff60e6', '2355a9f7-4538-5a28-8078-553c0310877a', 'tvtam', '2023-05-08 22:51:51', 'tvtam', '2023-05-08 22:51:51', '5d77e892-be55-46aa-8b04-e3841428fef7'),
('61e4bb82-edb8-11ed-9eca-6c2b59ff60e6', '23f585fb-3a2d-505d-b4ad-cb989f2177da', 'tvtam', '2023-05-08 22:51:51', 'tvtam', '2023-05-08 22:51:51', '5d77e892-be55-46aa-8b04-e3841428fef7'),
('61e4bdbb-edb8-11ed-9eca-6c2b59ff60e6', '248b273a-7e6a-4fb6-1c28-030d4265475f', 'tvtam', '2023-05-08 22:51:51', 'tvtam', '2023-05-08 22:51:51', '5d77e892-be55-46aa-8b04-e3841428fef7'),
('b6d84685-f071-11ed-a927-6c2b59ff60e6', '25823c44-515c-31c9-0b75-9471face0ab4', 'tvtam', '2023-05-12 10:03:59', 'tvtam', '2023-05-12 10:03:59', '75430034-0023-46a2-844c-033260563cb8'),
('badb5769-ee4a-11ed-9eca-6c2b59ff60e6', '1235c88b-5f2a-78d9-e612-ebbbcf065d1c', 'tvtam', '2023-05-09 16:19:21', 'tvtam', '2023-05-09 16:19:21', '75430034-0023-46a2-844c-033260563cb8'),
('badc5c54-ee4a-11ed-9eca-6c2b59ff60e6', '19165ed7-212e-21c4-0428-030d4265475f', 'tvtam', '2023-05-09 16:19:21', 'tvtam', '2023-05-09 16:19:21', '75430034-0023-46a2-844c-033260563cb8'),
('badc6394-ee4a-11ed-9eca-6c2b59ff60e6', '19e4e385-6d33-58ac-b6ad-cb989f2177da', 'tvtam', '2023-05-09 16:19:21', 'tvtam', '2023-05-09 16:19:21', '75430034-0023-46a2-844c-033260563cb8'),
('badc687b-ee4a-11ed-9eca-6c2b59ff60e6', '1a364b45-715d-552b-ef12-ebbbcf065d1c', 'tvtam', '2023-05-09 16:19:21', 'tvtam', '2023-05-09 16:19:21', '75430034-0023-46a2-844c-033260563cb8'),
('badc6d20-ee4a-11ed-9eca-6c2b59ff60e6', '1a5df1f7-1200-63f1-0628-030d4265475f', 'tvtam', '2023-05-09 16:19:21', 'tvtam', '2023-05-09 16:19:21', '75430034-0023-46a2-844c-033260563cb8'),
('badc71e2-ee4a-11ed-9eca-6c2b59ff60e6', '1a5e2c6d-7edf-6c66-94c3-d3ede7a72094', 'tvtam', '2023-05-09 16:19:21', 'tvtam', '2023-05-09 16:19:21', '75430034-0023-46a2-844c-033260563cb8'),
('badc785a-ee4a-11ed-9eca-6c2b59ff60e6', '1b212151-5197-7cdf-7778-553c0310877a', 'tvtam', '2023-05-09 16:19:21', 'tvtam', '2023-05-09 16:19:21', '75430034-0023-46a2-844c-033260563cb8'),
('badd5943-ee4a-11ed-9eca-6c2b59ff60e6', '1b8bc1ae-3599-7449-0875-9471face0ab4', 'tvtam', '2023-05-09 16:19:21', 'tvtam', '2023-05-09 16:19:21', '75430034-0023-46a2-844c-033260563cb8'),
('badd61bf-ee4a-11ed-9eca-6c2b59ff60e6', '1c5153e6-1f50-46f7-dec7-6c0aeb6ec302', 'tvtam', '2023-05-09 16:19:21', 'tvtam', '2023-05-09 16:19:21', '75430034-0023-46a2-844c-033260563cb8'),
('badd67b3-ee4a-11ed-9eca-6c2b59ff60e6', '1c8e70e1-7367-5ae1-d5f8-494a84b910f4', 'tvtam', '2023-05-09 16:19:21', 'tvtam', '2023-05-09 16:19:21', '75430034-0023-46a2-844c-033260563cb8'),
('badd6c91-ee4a-11ed-9eca-6c2b59ff60e6', '1cc1b41b-52bc-3b19-f612-ebbbcf065d1c', 'tvtam', '2023-05-09 16:19:21', 'tvtam', '2023-05-09 16:19:21', '75430034-0023-46a2-844c-033260563cb8'),
('badd71b6-ee4a-11ed-9eca-6c2b59ff60e6', '1ce192a3-6b70-712d-fa74-9471face0ab4', 'tvtam', '2023-05-09 16:19:21', 'tvtam', '2023-05-09 16:19:21', '75430034-0023-46a2-844c-033260563cb8'),
('badd7651-ee4a-11ed-9eca-6c2b59ff60e6', '1dc1db3b-483d-43f6-d4c7-6c0aeb6ec302', 'tvtam', '2023-05-09 16:19:21', 'tvtam', '2023-05-09 16:19:21', '75430034-0023-46a2-844c-033260563cb8'),
('badd7ac3-ee4a-11ed-9eca-6c2b59ff60e6', '1e066253-507c-3500-dff8-494a84b910f4', 'tvtam', '2023-05-09 16:19:21', 'tvtam', '2023-05-09 16:19:21', '75430034-0023-46a2-844c-033260563cb8'),
('badd7f2a-ee4a-11ed-9eca-6c2b59ff60e6', '1e5967de-1d5b-161d-eb12-ebbbcf065d1c', 'tvtam', '2023-05-09 16:19:21', 'tvtam', '2023-05-09 16:19:21', '75430034-0023-46a2-844c-033260563cb8'),
('dbbcd84a-ea2f-11ed-9eca-6c2b59ff60e6', '1e1c8937-2202-1966-f429-16c01537719a', 'tvtam', '2023-05-04 10:57:41', 'tvtam', '2023-05-04 10:57:41', '8fc0e4c3-c1f5-4ede-b503-4d80d08300b4'),
('e70828ca-ea2f-11ed-9eca-6c2b59ff60e6', '24eeb15b-4841-2e39-9bc3-d3ede7a72094', 'tvtam', '2023-05-04 10:58:00', 'tvtam', '2023-05-04 10:58:00', '8fc0e4c3-c1f5-4ede-b503-4d80d08300b4'),
('e7082bff-ea2f-11ed-9eca-6c2b59ff60e6', '257d894d-7d55-4424-ddf8-494a84b910f4', 'tvtam', '2023-05-04 10:58:00', 'tvtam', '2023-05-04 10:58:00', '8fc0e4c3-c1f5-4ede-b503-4d80d08300b4'),
('f2c49f49-ea2f-11ed-9eca-6c2b59ff60e6', '29d431fd-2d4b-248f-b2ad-cb989f2177da', 'tvtam', '2023-05-04 10:58:20', 'tvtam', '2023-05-04 10:58:20', '8fc0e4c3-c1f5-4ede-b503-4d80d08300b4'),
('f2c50803-ea2f-11ed-9eca-6c2b59ff60e6', '2a888489-4f02-48c0-d4f8-494a84b910f4', 'tvtam', '2023-05-04 10:58:20', 'tvtam', '2023-05-04 10:58:20', '8fc0e4c3-c1f5-4ede-b503-4d80d08300b4'),
('f2c50a80-ea2f-11ed-9eca-6c2b59ff60e6', '2a06ffef-3c61-3ead-c5ad-cb989f2177da', 'tvtam', '2023-05-04 10:58:20', 'tvtam', '2023-05-04 10:58:20', '8fc0e4c3-c1f5-4ede-b503-4d80d08300b4'),
('f2c50ca0-ea2f-11ed-9eca-6c2b59ff60e6', '2aee441a-681f-2d35-8278-553c0310877a', 'tvtam', '2023-05-04 10:58:20', 'tvtam', '2023-05-04 10:58:20', '8fc0e4c3-c1f5-4ede-b503-4d80d08300b4');

-- 
-- Dumping data for table license
--
INSERT INTO license VALUES
('5d77e892-be55-46aa-8b04-e3841428fef7', 'GT1217', '2023-05-08 00:00:00', '2023-05-08 00:00:00', 3000000, '', 'tvtam', '2023-05-08 22:51:51', 'tvtam', '2023-05-08 23:04:39'),
('75430034-0023-46a2-844c-033260563cb8', 'GT1219', '2023-05-12 00:00:00', '2023-05-12 00:00:00', 3421212, '', 'tvtam', '2023-05-09 16:19:21', 'tvtam', '2023-05-12 10:08:22'),
('8fc0e4c3-c1f5-4ede-b503-4d80d08300b4', 'GT1215', '2023-05-08 00:00:00', '2023-05-08 00:00:00', 2923120, 'no never', 'tvtam', '2023-04-30 11:12:05', 'tvtam', '2023-05-08 14:35:07');

-- 
-- Dumping data for table fixed_asset
--
INSERT INTO fixed_asset VALUES
('1235c88b-5f2a-78d9-e612-ebbbcf065d1c', 'TS996', 'RedmiJ', '5e95cda4-3f52-314f-f9b4-c8af08a50cbf', 'Domestic Space Research Corporation', 'North High-Technologies Group', '142cb08f-7c31-21fa-8e90-67245e8b283e', 'Finance', 'Sales', '6b47b37f-3123-3ce7-14cf-9712082ff6cb', 'Gifts', 'Electronics', '2023-01-05 01:13:57', 200000, 3, 0.0000, 0.2, 2013, 6, '2023-01-05 01:13:57', False, 'tvTam', '2023-03-21 02:58:27', 'tvtam', '2023-04-23 15:26:58', '[{"codeSource":"NST","costValue":100000},{"codeSource":"NSH","costValue":100000}]'),
('12a3b1c2-3be3-4332-d0f8-494a84b910f4', 'TS604', 'RedmiB', '26e66448-44a8-39c1-e669-4afe230d73a5', 'Advanced High-Technologies Corporation', 'Special Space Explore Corporation', '469b3ece-744a-45d5-957d-e8c757976496', 'Information Technology', 'Manufacturing', '354f1b13-17bf-1b52-87d5-ba100c6f7bce', 'Audible', 'Clothing', '2022-05-17 08:53:41', 323120, 4, 0.0000, 0.1, 2007, 5, '2022-05-17 08:53:41', True, 'tvTam', '2023-03-21 03:16:21', 'tvtam', '2023-05-08 10:55:50', '[{"codeSource":"NST","costValue":"100.000"},{"codeSource":"NSH","costValue":"100.000"}]'),
('13049909-7909-34ff-f312-ebbbcf065d1c', 'TS840', 'IphoneB', '6f4216f5-1976-7ef5-4869-9f77bda75690', 'Pacific Z-Mobile Corporation', 'Smart High-Technologies Corporation', '17120d02-6ab5-3e43-18cb-66948daf6128', 'Customer Support', 'Sales', '25c6c36e-1668-7d10-6e09-bf1378b8dc91', 'Patio', 'Home', '2022-02-24 13:24:12', 200000, 6, 0.0000, 0.7, 2023, 5, '2022-02-24 13:24:12', False, 'tvTam', '2023-03-21 00:07:31', 'tvtam', '2023-05-12 10:41:02', '[{"codeSource":"NSX","costValue":"100.000"},{"codeSource":"NSH","costValue":"100.000"}]'),
('133b54c3-3b57-1e4d-b7ad-cb989f2177da', 'TS995', 'VivoC\r\n', '42e76f39-5529-3e7f-e369-4afe230d73a5', 'Canadian 2G Wireless Group', 'Creative Technologies Corporation', '4577565a-7e3e-493a-74dd-867949feb8b5', 'Operations', 'Operations', '3700cc49-55b5-69ea-4929-a2925c0f334d', 'Audible', 'Movies', '2022-01-01 00:00:03', 200000, 11, 0.0000, 0.6, 2011, 2, '2022-01-01 00:00:03', False, 'tvTam', '2023-03-21 17:49:59', 'tvtam', '2023-04-23 15:26:58', '[{"codeSource":"NST","costValue":100000},{"codeSource":"NSH","costValue":100000}]'),
('143b3b04-6662-339b-c2ad-cb989f2177da', 'TS613', 'Xiaomi7', '68ff7bc1-1205-1efe-301e-21c6d80fbd76', 'Global Research Inc.', 'Federal J-Mobile Inc.', '7686595d-16d5-33b3-0080-e8e2a817c80e', 'Operations', 'Manufacturing', '25c6c36e-1668-7d10-6e09-bf1378b8dc91', 'Electronics', 'Clothing', '2022-03-26 10:53:38', 200000, 16, 0.0000, 0.7, 2007, 9, '2022-03-26 10:53:38', True, 'tvTam', '2023-03-21 18:55:37', 'tvtam', '2023-04-23 15:26:58', '[{"codeSource":"NST","costValue":100000},{"codeSource":"NSH","costValue":100000}]'),
('15adae7e-2155-332a-fcdc-845b5dcdad45', 'TS793', 'Cellphone9', '4421a98d-1c13-6964-4a71-153b37881afe', 'Australian Financial Group', 'Pacific High-Technologies Co.', '142cb08f-7c31-21fa-8e90-67245e8b283e', 'Finance', 'Sales', '3b86d2ed-446c-5fce-56be-406293204378', 'Home', 'Tools', '2022-08-12 15:45:06', 200000, 10, 0.0000, 0.4, 2014, 10, '2022-08-12 15:45:06', True, 'tvTam', '2023-03-21 01:02:18', 'tvtam', '2023-04-23 15:26:58', '[{"codeSource":"NST","costValue":100000},{"codeSource":"NSH","costValue":100000}]'),
('1696afd7-6db8-201b-0d28-030d4265475f', 'TS229', 'OppoR', '4511c5e9-17d7-743e-2b4a-aea48a10ed18', 'Pacific High-Technologies Inc.', 'Flexible K-Mobile Corp.', '7686595d-16d5-33b3-0080-e8e2a817c80e', 'Consulting', 'Manufacturing', '354f1b13-17bf-1b52-87d5-ba100c6f7bce', 'Books', 'Toys', '2022-09-18 18:20:05', 200000, 6, 0.0000, 0.8, 2028, 4, '2022-09-18 18:20:05', True, 'tvTam', '2023-03-21 00:27:40', 'tvtam', '2023-04-23 15:26:58', '[{"codeSource":"NST","costValue":100000},{"codeSource":"NSH","costValue":100000}]'),
('19165ed7-212e-21c4-0428-030d4265475f', 'TS816', 'Vivo8\r\n', '64a59a25-2488-54b0-f6b4-c8af08a50cbf', 'International Cars Inc.', 'Professional B-Mobile Corporation', '142cb08f-7c31-21fa-8e90-67245e8b283e', 'Manufacturing', 'Information Technology', '3b86d2ed-446c-5fce-56be-406293204378', 'Games', 'Clothing', '2022-11-05 12:51:22', 200000, 16, 0.0000, 0.4, 2025, 6, '2022-11-05 12:51:22', False, 'tvTam', '2023-03-21 23:42:27', 'tvtam', '2023-04-23 15:26:58', '[{"codeSource":"NST","costValue":100000},{"codeSource":"NSH","costValue":100000}]'),
('19e4e385-6d33-58ac-b6ad-cb989f2177da', 'TS402', 'XiaomiY', '180dd722-49a7-2b93-fab4-c8af08a50cbf', 'Australian Consulting Corporation', 'Beyond Cars Battery Inc.', '469b3ece-744a-45d5-957d-e8c757976496', 'Executive', 'Information Technology', '1b691e79-236d-5b5a-9d20-39c2f00615e8', 'Gifts', 'Books', '2022-05-01 00:55:52', 300000, 8, 0.0000, 0.8, 2019, 4, '2022-05-01 00:55:52', False, 'tvTam', '2023-03-21 18:24:40', 'tvtam', '2023-05-11 13:43:35', '[{"codeSource":"NST","costValue":"100.000"},{"codeSource":"NSX","costValue":"200.000"}]'),
('1a364b45-715d-552b-ef12-ebbbcf065d1c', 'TS194', 'NokiaU', '1a6d3864-4562-2ea0-2d1e-21c6d80fbd76', 'First N-Mobile Inc.', 'Western J-Mobile Co.', '17120d02-6ab5-3e43-18cb-66948daf6128', 'Sales', 'Marketing', '6b47b37f-3123-3ce7-14cf-9712082ff6cb', 'Accessories', 'Clothing', '2023-03-04 09:04:09', 200000, 5, 0.0000, 0.2, 2008, 7, '2023-03-04 09:04:09', False, 'tvTam', '2023-03-21 04:16:22', 'tvtam', '2023-04-23 15:26:58', '[{"codeSource":"NST","costValue":100000},{"codeSource":"NSH","costValue":100000}]'),
('1a5df1f7-1200-63f1-0628-030d4265475f', 'TS136', 'CellphoneR', '4569f996-12b0-64d5-54cb-b8d37b68af4d', 'Union Space Explore Inc.', 'East Space Research Corp.', '11452b0c-768e-5ff7-0d63-eeb1d8ed8cef', 'Executive', 'Facilities', '148ed882-32b8-218e-9c20-39c2f00615e8', 'Accessories', 'Pets', '2022-02-06 00:43:05', 200000, 16, 0.0000, 0.8, 2022, 2, '2022-02-06 00:43:05', False, 'tvTam', '2023-03-21 01:29:45', 'tvtam', '2023-04-23 15:26:58', '[{"codeSource":"NST","costValue":100000},{"codeSource":"NSH","costValue":100000}]'),
('1a5e2c6d-7edf-6c66-94c3-d3ede7a72094', 'TS609', 'VivoV\r\n', '5429d91f-14a6-333f-2f1e-21c6d80fbd76', 'Canadian Investment Group', 'Future W-Mobile Inc.', '469b3ece-744a-45d5-957d-e8c757976496', 'Executive', 'Research and Development', '1b691e79-236d-5b5a-9d20-39c2f00615e8', 'Computers', 'Pets', '2022-01-01 00:00:32', 223220, 1, 0.0000, 0.3, 2026, 9, '2022-01-01 00:00:32', False, 'tvTam', '2023-03-21 02:20:40', 'tvtam', '2023-05-12 11:19:45', '[{"codeSource":"NST","costValue":"100.000"},{"codeSource":"NSTU","costValue":"123.220"}]'),
('1b212151-5197-7cdf-7778-553c0310877a', 'TS744', 'NokiaK', '4cb51238-6eb7-5771-3f69-9f77bda75690', 'Federal Media Inc.', 'WorldWide T-Mobile Corporation', '17120d02-6ab5-3e43-18cb-66948daf6128', 'Executive', 'Information Technology', '148ed882-32b8-218e-9c20-39c2f00615e8', 'Music', 'Baby', '2023-01-03 18:32:25', 200000, 1, 0.0000, 0.1, 2008, 2, '2023-01-03 18:32:25', False, 'tvTam', '2023-03-21 20:13:16', 'tvtam', '2023-04-23 15:26:58', '[{"codeSource":"NST","costValue":100000},{"codeSource":"NSH","costValue":100000}]'),
('1b8bc1ae-3599-7449-0875-9471face0ab4', 'TS459', 'Xiaomi0', '4e5a688e-148d-6e8b-4580-3a2297d01534', 'Flexible Semiconductor Co.', 'East Thermal Resources Group', '142cb08f-7c31-21fa-8e90-67245e8b283e', 'Information Technology', 'Executive', '354f1b13-17bf-1b52-87d5-ba100c6f7bce', 'Sports', 'Furniture', '2022-10-11 19:06:42', 200000, 10, 0.0000, 0.3, 2028, 9, '2022-10-11 19:06:42', False, 'tvTam', '2023-03-21 04:01:41', 'tvtam', '2023-04-23 15:26:58', '[{"codeSource":"NST","costValue":100000},{"codeSource":"NSH","costValue":100000}]'),
('1c5153e6-1f50-46f7-dec7-6c0aeb6ec302', 'TS775', 'VivoM\r\n', '56dddb9b-7d01-19a4-0cb5-c8af08a50cbf', 'WorldWide Space Research Corporation', 'Creative Space Explore Group', '142cb08f-7c31-21fa-8e90-67245e8b283e', 'Executive', 'Information Technology', '6b47b37f-3123-3ce7-14cf-9712082ff6cb', 'Accessories', 'Automotive', '2022-01-01 00:06:23', 200000, 13, 0.0000, 0.5, 2028, 10, '2022-01-01 00:06:23', False, 'tvTam', '2023-03-21 00:01:06', 'tvtam', '2023-04-23 15:26:58', '[{"codeSource":"NST","costValue":100000},{"codeSource":"NSH","costValue":100000}]'),
('1c8e70e1-7367-5ae1-d5f8-494a84b910f4', 'TS949', 'NokiaM', '3c59298e-6854-4862-07b5-c8af08a50cbf', 'International Devices Corporation', 'International Space Explore Inc.', '469b3ece-744a-45d5-957d-e8c757976496', 'Sales', 'Information Technology', '354f1b13-17bf-1b52-87d5-ba100c6f7bce', 'Outdoors', 'Tools', '2022-11-03 10:29:33', 200000, 1, 0.0000, 0.4, 2006, 4, '2022-11-03 10:29:33', False, 'tvTam', '2023-03-21 14:00:54', 'tvtam', '2023-04-23 15:26:58', '[{"codeSource":"NST","costValue":100000},{"codeSource":"NSH","costValue":100000}]'),
('1cc1b41b-52bc-3b19-f612-ebbbcf065d1c', 'TS311', 'VivoK\r\n', '57b751a6-730c-54a8-f369-4afe230d73a5', 'Domestic Investment Inc.', 'West Coast High-Technologies Corporation', '768f8e64-7d10-20c9-967d-e8c757976496', 'Consulting', 'Consulting', '6b47b37f-3123-3ce7-14cf-9712082ff6cb', 'Health', 'Accessories', '2022-09-04 08:13:34', 200000, 1, 0.0000, 0.5, 2028, 8, '2022-09-04 08:13:34', False, 'tvTam', '2023-03-21 19:34:48', 'tvtam', '2023-04-23 15:26:58', '[{"codeSource":"NST","costValue":100000},{"codeSource":"NSH","costValue":100000}]'),
('1ce192a3-6b70-712d-fa74-9471face0ab4', 'TS650', 'IphoneR', '3c91bd67-6353-1edc-1f4a-aea48a10ed18', 'General Space Explore Co.', 'East N-Mobile Co.', '17120d02-6ab5-3e43-18cb-66948daf6128', 'Finance', 'Consulting', '3700cc49-55b5-69ea-4929-a2925c0f334d', 'Gifts', 'Crafts', '2022-04-07 21:22:08', 200000, 13, 0.0000, 0.8, 2023, 6, '2022-04-07 21:22:08', False, 'tvTam', '2023-03-21 13:44:09', 'tvtam', '2023-04-23 15:26:58', '[{"codeSource":"NST","costValue":100000},{"codeSource":"NSH","costValue":100000}]'),
('1dc1db3b-483d-43f6-d4c7-6c0aeb6ec302', 'TS969', 'OppoN', '17939b5b-596f-3d64-291e-21c6d80fbd76', 'American Systems Co.', 'Federal Space Research Co.', '142cb08f-7c31-21fa-8e90-67245e8b283e', 'Executive', 'Finance', '354f1b13-17bf-1b52-87d5-ba100c6f7bce', 'Computers', 'Health', '2022-01-25 17:09:56', 200000, 14, 0.0000, 0.5, 2015, 10, '2022-01-25 17:09:56', False, 'tvTam', '2023-03-21 13:44:19', 'tvtam', '2023-04-23 15:26:58', '[{"codeSource":"NST","costValue":100000},{"codeSource":"NSH","costValue":100000}]'),
('1e066253-507c-3500-dff8-494a84b910f4', 'TS651', 'CellphoneH', '678b4b8f-1fb0-5f7f-5471-153b37881afe', 'Advanced Space Explore Inc.', 'West Semiconductor Corp.', '11452b0c-768e-5ff7-0d63-eeb1d8ed8cef', 'Information Technology', 'Manufacturing', '6b47b37f-3123-3ce7-14cf-9712082ff6cb', 'Pets', 'Beauty', '2022-01-01 00:01:33', 200000, 7, 0.0000, 0.2, 2009, 2, '2022-01-01 00:01:33', False, 'tvTam', '2023-03-21 02:58:59', 'tvtam', '2023-04-23 15:26:58', '[{"codeSource":"NST","costValue":100000},{"codeSource":"NSH","costValue":100000}]'),
('1e1c8937-2202-1966-f429-16c01537719a', 'TS715', 'CellphoneT', '68242b8b-5d4a-6e41-4f71-153b37881afe', 'WorldWide Broadcasting Group', 'South L-Mobile Co.', '469b3ece-744a-45d5-957d-e8c757976496', 'Executive', 'Customer Support', '354f1b13-17bf-1b52-87d5-ba100c6f7bce', 'Audible', 'Accessories', '2022-09-24 17:53:29', 200000, 7, 0.0000, 0.4, 2009, 6, '2022-09-24 17:53:29', True, 'tvTam', '2023-03-21 13:10:38', 'tvtam', '2023-04-23 15:26:58', '[{"codeSource":"NST","costValue":100000},{"codeSource":"NSH","costValue":100000}]'),
('1e5967de-1d5b-161d-eb12-ebbbcf065d1c', 'TS469', 'CellphoneI', '5403b416-3959-63fb-ea69-4afe230d73a5', 'Professional Travel Corp.', 'American Space Explore Inc.', '7686595d-16d5-33b3-0080-e8e2a817c80e', 'Customer Support', 'Operations', '25c6c36e-1668-7d10-6e09-bf1378b8dc91', 'Home', 'Patio', '2022-06-14 20:55:06', 200000, 1, 0.0000, 0.7, 2006, 5, '2022-06-14 20:55:06', False, 'tvTam', '2023-03-21 00:00:01', 'tvtam', '2023-04-23 15:26:58', '[{"codeSource":"NST","costValue":100000},{"codeSource":"NSH","costValue":100000}]'),
('1e7105cd-2e6b-7478-f212-ebbbcf065d1c', 'TS288', 'Vivo5\r\n', '604aee92-5a99-4b55-61cb-b8d37b68af4d', 'General High-Technologies Co.', 'Home Fossil Fuel Power Group', '142cb08f-7c31-21fa-8e90-67245e8b283e', 'Research and Development', 'Executive', '3b86d2ed-446c-5fce-56be-406293204378', 'Books', 'Shoes', '2022-10-27 03:40:02', 200000, 9, 0.0000, 0.1, 2018, 2, '2022-10-27 03:40:02', True, 'tvTam', '2023-03-21 18:49:28', 'tvtam', '2023-04-23 15:26:58', '[{"codeSource":"NST","costValue":100000},{"codeSource":"NSH","costValue":100000}]'),
('1eb5deeb-28e1-37b7-1d28-030d4265475f', 'TS113', 'SamSungR', '4af0d282-483d-7531-4026-978952f080e4', 'Creative Transport Inc.', 'Australian Space Explore Group', '7686595d-16d5-33b3-0080-e8e2a817c80e', 'Executive', 'Information Technology', '1b691e79-236d-5b5a-9d20-39c2f00615e8', 'Audible', 'Books', '2022-06-27 19:50:11', 200000, 1, 0.0000, 0.1, 2010, 2, '2022-06-27 19:50:11', True, 'tvTam', '2023-03-21 03:24:45', 'tvtam', '2023-04-23 15:26:58', '[{"codeSource":"NST","costValue":100000},{"codeSource":"NSH","costValue":100000}]'),
('1f01b2b4-46e7-2c18-c0ad-cb989f2177da', 'TS915', 'Oppo5', '44bce587-789f-3995-2e1e-21c6d80fbd76', 'Federal Delivery Inc.', 'American 4G Wireless Co.', '11452b0c-768e-5ff7-0d63-eeb1d8ed8cef', 'Information Technology', 'Research and Development', '6b47b37f-3123-3ce7-14cf-9712082ff6cb', 'Garden', 'Electronics', '2023-01-14 11:32:05', 200000, 9, 0.0000, 0.6, 2009, 2, '2023-01-14 11:32:05', True, 'tvTam', '2023-03-21 14:39:19', 'tvtam', '2023-04-23 15:26:58', '[{"codeSource":"NST","costValue":100000},{"codeSource":"NSH","costValue":100000}]'),
('1f296827-79b6-76a8-d6c7-6c0aeb6ec302', 'TS128', 'SamSungO', '32153575-21ac-6bf2-5ecb-b8d37b68af4d', 'Future J-Mobile Corporation', 'Union High-Technologies Group', '17120d02-6ab5-3e43-18cb-66948daf6128', 'Executive', 'Finance', '1b691e79-236d-5b5a-9d20-39c2f00615e8', 'Patio', 'Clothing', '2022-01-01 00:11:41', 200000, 8, 0.0000, 0.3, 2009, 7, '2022-01-01 00:11:41', True, 'tvTam', '2023-03-21 00:01:19', 'tvtam', '2023-04-23 15:26:58', '[{"codeSource":"NST","costValue":100000},{"codeSource":"NSH","costValue":100000}]'),
('20590a33-7eb6-1eb9-eb29-16c01537719a', 'TS060', 'SamSungE', '598eb899-611e-226b-5acb-b8d37b68af4d', 'Union Research Co.', 'East Insurance Inc.', '4e272fc4-7875-78d6-7d32-6a1673ffca7c', 'Information Technology', 'Sales', '354f1b13-17bf-1b52-87d5-ba100c6f7bce', 'Gifts', 'Baby', '2022-11-10 20:19:59', 200000, 8, 0.0000, 0.2, 2007, 10, '2022-11-10 20:19:59', True, 'tvTam', '2023-03-21 02:42:03', 'tvtam', '2023-04-23 15:26:58', '[{"codeSource":"NST","costValue":100000},{"codeSource":"NSH","costValue":100000}]'),
('20624ddc-1412-159d-88c3-d3ede7a72094', 'TS486', 'XiaomiI', '406501b7-7932-293c-3e95-2c566fa88632', 'Future Services Corporation', 'National Optics Co.', '469b3ece-744a-45d5-957d-e8c757976496', 'Facilities', 'Marketing', '3b86d2ed-446c-5fce-56be-406293204378', 'Clothing', 'Pets', '2022-10-24 16:36:09', 200000, 11, 0.0000, 0.5, 2006, 9, '2022-10-24 16:36:09', True, 'tvTam', '2023-03-21 03:20:39', 'tvtam', '2023-04-23 15:26:58', '[{"codeSource":"NST","costValue":100000},{"codeSource":"NSH","costValue":100000}]'),
('218fdce1-3b40-5065-d5c7-6c0aeb6ec302', 'TS852', 'RedmiH', '59c4865b-1492-3701-4469-9f77bda75690', 'North Space Explore Group', 'Global High-Technologies Inc.', '469b3ece-744a-45d5-957d-e8c757976496', 'Sales', 'Finance', '354f1b13-17bf-1b52-87d5-ba100c6f7bce', 'Computers', 'Automotive', '2022-02-05 01:06:42', 200000, 4, 0.0000, 0.7, 2027, 4, '2022-02-05 01:06:42', True, 'tvTam', '2023-03-21 14:29:34', 'tvtam', '2023-04-23 15:26:58', '[{"codeSource":"NST","costValue":100000},{"codeSource":"NSH","costValue":100000}]'),
('2257a02e-13f4-6366-7d78-553c0310877a', 'TS198', 'RedmiA', '6b89b915-629c-5d93-09b5-c8af08a50cbf', 'General High-Technologies Corp.', 'International Space Explore Corporation', '768f8e64-7d10-20c9-967d-e8c757976496', 'Research and Development', 'Finance', '354f1b13-17bf-1b52-87d5-ba100c6f7bce', 'Beauty', 'Sports', '2022-05-15 21:48:19', 200000, 14, 0.0000, 0.5, 2012, 10, '2022-05-15 21:48:19', True, 'tvTam', '2023-03-21 23:28:20', 'tvtam', '2023-04-23 15:26:58', '[{"codeSource":"NST","costValue":100000},{"codeSource":"NSH","costValue":100000}]'),
('225de1fd-4256-3711-f4dc-845b5dcdad45', 'TS110', 'Nokia9', '42950a9c-2cfa-3933-4271-153b37881afe', 'Creative B-Mobile Co.', 'East Data Inc.', '17120d02-6ab5-3e43-18cb-66948daf6128', 'Sales', 'Human Resources', '6b47b37f-3123-3ce7-14cf-9712082ff6cb', 'Beauty', 'Food', '2022-03-19 01:14:05', 200000, 7, 0.0000, 0.5, 2025, 5, '2022-03-19 01:14:05', True, 'tvTam', '2023-03-21 23:57:24', 'tvtam', '2023-04-23 15:26:58', '[{"codeSource":"NST","costValue":100000},{"codeSource":"NSH","costValue":100000}]'),
('23310552-1239-637d-dbc7-6c0aeb6ec302', 'TS278', 'CellphoneN', '36ef530a-1c35-437e-4995-2c566fa88632', 'Global Q-Mobile Co.', 'Advanced Logistic Corporation', '142cb08f-7c31-21fa-8e90-67245e8b283e', 'Executive', 'Information Technology', '6b47b37f-3123-3ce7-14cf-9712082ff6cb', 'Automotive', 'Sports', '2022-06-25 16:33:00', 200000, 14, 0.0000, 0.8, 2006, 8, '2022-06-25 16:33:00', True, 'tvTam', '2023-03-21 00:33:00', 'tvtam', '2023-04-23 15:26:58', '[{"codeSource":"NST","costValue":100000},{"codeSource":"NSH","costValue":100000}]'),
('2355a9f7-4538-5a28-8078-553c0310877a', 'TS264', 'IphoneO', '79f7c405-2e1f-3e93-4b95-2c566fa88632', 'Global Wind Resources Corporation', 'WorldWide High-Technologies Corp.', '17120d02-6ab5-3e43-18cb-66948daf6128', 'Human Resources', 'Executive', '25c6c36e-1668-7d10-6e09-bf1378b8dc91', 'Pharmacy', 'Books', '2023-03-01 01:31:37', 200000, 14, 0.0000, 0.2, 2029, 6, '2023-03-01 01:31:37', True, 'tvTam', '2023-03-21 17:25:35', 'tvtam', '2023-04-23 15:26:58', '[{"codeSource":"NST","costValue":100000},{"codeSource":"NSH","costValue":100000}]'),
('23f585fb-3a2d-505d-b4ad-cb989f2177da', 'TS463', 'SamSung5', '67408602-4805-48a7-224a-aea48a10ed18', 'General Space Explore Group', 'East D-Mobile Group', '17120d02-6ab5-3e43-18cb-66948daf6128', 'Marketing', 'Finance', '3700cc49-55b5-69ea-4929-a2925c0f334d', 'Home', 'Office', '2023-01-07 19:37:39', 200000, 11, 0.0000, 0.5, 2012, 2, '2023-01-07 19:37:39', True, 'tvTam', '2023-03-21 00:08:45', 'tvtam', '2023-04-23 15:26:58', '[{"codeSource":"NST","costValue":100000},{"codeSource":"NSH","costValue":100000}]'),
('248b273a-7e6a-4fb6-1c28-030d4265475f', 'TS218', 'XiaomiF', '6a7e1939-70fa-3a76-5271-153b37881afe', 'Home High-Technologies Corporation', 'Pacific Q-Mobile Corporation', '7686595d-16d5-33b3-0080-e8e2a817c80e', 'Executive', 'Research and Development', '25c6c36e-1668-7d10-6e09-bf1378b8dc91', 'Garden', 'Office', '2022-07-15 03:35:13', 200000, 16, 0.0000, 0.4, 2022, 9, '2022-07-15 03:35:13', True, 'tvTam', '2023-03-21 00:03:46', 'tvtam', '2023-04-23 15:26:58', '[{"codeSource":"NST","costValue":100000},{"codeSource":"NSH","costValue":100000}]'),
('24eeb15b-4841-2e39-9bc3-d3ede7a72094', 'TS184', 'RedmiC', '7800b12e-7d2d-7572-394a-aea48a10ed18', 'Creative Renewable Power Corp.', 'Smart Space Explore Group', '768f8e64-7d10-20c9-967d-e8c757976496', 'Executive', 'Executive', '3700cc49-55b5-69ea-4929-a2925c0f334d', 'Books', 'Movies', '2022-01-15 21:11:57', 200000, 6, 0.0000, 0.4, 2026, 9, '2022-01-15 21:11:57', True, 'tvTam', '2023-03-21 00:15:07', 'tvtam', '2023-04-23 15:26:58', '[{"codeSource":"NST","costValue":100000},{"codeSource":"NSH","costValue":100000}]'),
('257d894d-7d55-4424-ddf8-494a84b910f4', 'TS481', 'OppoG', '1cb3b817-57d2-3eba-f569-4afe230d73a5', 'General High-Technologies Corp.', 'Pacific Development Corp.', '7686595d-16d5-33b3-0080-e8e2a817c80e', 'Research and Development', 'Manufacturing', '3700cc49-55b5-69ea-4929-a2925c0f334d', 'Music', 'Gifts', '2022-04-02 06:57:09', 200000, 16, 0.0000, 0.1, 2008, 6, '2022-04-02 06:57:09', True, 'tvTam', '2023-03-21 17:41:01', 'tvtam', '2023-04-23 15:26:58', '[{"codeSource":"NST","costValue":100000},{"codeSource":"NSH","costValue":100000}]'),
('25823c44-515c-31c9-0b75-9471face0ab4', 'TS921', 'CellphoneF', '7874357d-7110-180b-63cb-b8d37b68af4d', 'First Z-Mobile Corporation', 'Pacific Natural Gas Power Corp.', '142cb08f-7c31-21fa-8e90-67245e8b283e', 'Finance', 'Facilities', '3b86d2ed-446c-5fce-56be-406293204378', 'Health', 'Home', '2022-11-15 20:26:51', 341212, 3, 0.0000, 0.1, 2007, 2, '2022-11-15 20:26:51', False, 'tvTam', '2023-03-21 16:49:21', 'tvtam', '2023-05-12 10:08:37', '[{"codeSource":"NST","costValue":"100.000"},{"codeSource":"NSH","costValue":"120000"},{"codeSource":"NSX","costValue":"121.212"}]'),
('25b365f2-2435-14d4-caf8-494a84b910f4', 'TS569', 'Redmi6', '1eb42cb0-2796-7c6b-4071-153b37881afe', 'Home Natural Gas Energy Group', 'City High-Technologies Inc.', '768f8e64-7d10-20c9-967d-e8c757976496', 'Information Technology', 'Information Technology', '25c6c36e-1668-7d10-6e09-bf1378b8dc91', 'Toys', 'Jewelry', '2022-01-01 00:00:44', 200000, 18, 0.0000, 0.6, 2008, 5, '2022-01-01 00:00:44', False, 'tvTam', '2023-03-21 04:13:48', 'tvtam', '2023-04-23 15:26:58', '[{"codeSource":"NST","costValue":100000},{"codeSource":"NSH","costValue":100000}]'),
('25dcc068-2088-213d-0928-030d4265475f', 'TS365', 'NokiaV', '236283fa-1c9f-2733-221e-21c6d80fbd76', 'Domestic High-Technologies Group', 'North Financial Inc.', '469b3ece-744a-45d5-957d-e8c757976496', 'Information Technology', 'Executive', '3700cc49-55b5-69ea-4929-a2925c0f334d', 'Home', 'Tools', '2022-07-30 02:40:24', 200000, 15, 0.0000, 0.1, 2022, 9, '2022-07-30 02:40:24', False, 'tvTam', '2023-03-21 15:13:20', 'tvtam', '2023-04-23 15:26:58', '[{"codeSource":"NST","costValue":100000},{"codeSource":"NSH","costValue":100000}]'),
('25f99060-45d4-4d94-6c78-553c0310877a', 'TS796', 'OppoF', '48ecd789-755b-3d53-3f71-153b37881afe', 'City Equipment Corporation', 'Special P-Mobile Corporation', '4e272fc4-7875-78d6-7d32-6a1673ffca7c', 'Executive', 'Research and Development', '3700cc49-55b5-69ea-4929-a2925c0f334d', 'Audible', 'Electronics', '2022-02-24 23:34:10', 200000, 16, 0.0000, 0.8, 2023, 10, '2022-02-24 23:34:10', False, 'tvTam', '2023-03-21 04:34:47', 'tvtam', '2023-04-23 15:26:58', '[{"codeSource":"NST","costValue":100000},{"codeSource":"NSH","costValue":100000}]'),
('26639605-36fa-7a02-0675-9471face0ab4', 'TS368', 'Oppo1', '21deeb10-7abc-5f2d-4480-3a2297d01534', 'General Goods Inc.', 'International Logics Corporation', '469b3ece-744a-45d5-957d-e8c757976496', 'Research and Development', 'Customer Support', '148ed882-32b8-218e-9c20-39c2f00615e8', 'Sports', 'Pets', '2022-01-01 00:00:05', 200000, 5, 0.0000, 0.5, 2022, 9, '2022-01-01 00:00:05', False, 'tvTam', '2023-03-21 15:35:36', 'tvtam', '2023-04-23 15:26:58', '[{"codeSource":"NST","costValue":100000},{"codeSource":"NSH","costValue":100000}]'),
('269c63ee-5471-12ba-1375-9471face0ab4', 'TS265', 'SamSungV', '4401bab3-5d36-1d04-0eb5-c8af08a50cbf', 'Domestic Space Research Inc.', 'Beyond Engineering Corp.', '469b3ece-744a-45d5-957d-e8c757976496', 'Consulting', 'Operations', '25c6c36e-1668-7d10-6e09-bf1378b8dc91', 'Books', 'Jewelry', '2022-12-24 16:02:45', 200000, 14, 0.0000, 0.5, 2021, 9, '2022-12-24 16:02:45', False, 'tvTam', '2023-03-21 12:28:05', 'tvtam', '2023-04-23 15:26:58', '[{"codeSource":"NST","costValue":100000},{"codeSource":"NSH","costValue":100000}]'),
('26bffb22-68bf-14c6-0a75-9471face0ab4', 'TS654', 'OppoC', '5b532fb7-27be-334c-4d71-153b37881afe', 'Global Space Explore Inc.', 'West Coast Space Research Inc.', '11452b0c-768e-5ff7-0d63-eeb1d8ed8cef', 'Marketing', 'Research and Development', '6b47b37f-3123-3ce7-14cf-9712082ff6cb', 'Tools', 'Shoes', '2022-06-06 19:02:09', 200000, 11, 0.0000, 0.5, 2006, 8, '2022-06-06 19:02:09', False, 'tvTam', '2023-03-21 04:51:01', 'tvtam', '2023-04-23 15:26:58', '[{"codeSource":"NST","costValue":100000},{"codeSource":"NSH","costValue":100000}]'),
('2722a8ff-268f-595e-e1f8-494a84b910f4', 'TS049', 'RedmiR', '7a047963-5ae2-3fb9-5069-9f77bda75690', 'National Delivery Corporation', 'Western Engineering Inc.', '142cb08f-7c31-21fa-8e90-67245e8b283e', 'Executive', 'Manufacturing', '3700cc49-55b5-69ea-4929-a2925c0f334d', 'Movies', 'Sports', '2022-05-19 18:40:07', 200000, 1, 0.0000, 0.8, 2017, 4, '2022-05-19 18:40:07', False, 'tvTam', '2023-03-21 00:01:04', 'tvtam', '2023-04-23 15:26:58', '[{"codeSource":"NST","costValue":100000},{"codeSource":"NSH","costValue":100000}]'),
('27366e4a-5248-12e3-e312-ebbbcf065d1c', 'TS781', 'VivoU\r\n', '271a41be-5739-6088-3795-2c566fa88632', 'Canadian High-Technologies Corporation', 'Federal Space Research Inc.', '4e272fc4-7875-78d6-7d32-6a1673ffca7c', 'Manufacturing', 'Customer Support', '354f1b13-17bf-1b52-87d5-ba100c6f7bce', 'Sports', 'Home', '2022-01-01 00:04:54', 200000, 13, 0.0000, 0.5, 2007, 10, '2022-01-01 00:04:54', False, 'tvTam', '2023-03-21 12:01:24', 'tvtam', '2023-04-23 15:26:58', '[{"codeSource":"NST","costValue":100000},{"codeSource":"NSH","costValue":100000}]'),
('28462535-1b23-3184-e329-16c01537719a', 'TS797', 'XiaomiD', '70edc7b9-702f-70b2-3d71-153b37881afe', 'Pacific Space Research Corporation', 'Pacific Products Corporation', '4577565a-7e3e-493a-74dd-867949feb8b5', 'Marketing', 'Marketing', '6b47b37f-3123-3ce7-14cf-9712082ff6cb', 'Audible', 'Toys', '2022-06-03 15:07:53', 200000, 20, 0.0000, 0.2, 2010, 4, '2022-06-03 15:07:53', False, 'tvTam', '2023-03-21 07:18:43', 'tvtam', '2023-04-23 15:26:58', '[{"codeSource":"NST","costValue":100000},{"codeSource":"NSH","costValue":100000}]'),
('28d35b6d-40bb-4aee-bbad-cb989f2177da', 'TS300', 'Xiaomi8', '4c14b14c-7023-7881-2f26-978952f080e4', 'Western Investment Corporation', 'East High-Technologies Inc.', '7686595d-16d5-33b3-0080-e8e2a817c80e', 'Executive', 'Executive', '3b86d2ed-446c-5fce-56be-406293204378', 'Baby', 'Food', '2022-08-14 13:06:22', 200000, 3, 0.0000, 0.1, 2006, 10, '2022-08-14 13:06:22', False, 'tvTam', '2023-03-21 00:01:23', 'tvtam', '2023-04-23 15:26:58', '[{"codeSource":"NST","costValue":100000},{"codeSource":"NSH","costValue":100000}]'),
('29d431fd-2d4b-248f-b2ad-cb989f2177da', 'TS678', 'XiaomiQ', '79c13594-4781-1b7c-204a-aea48a10ed18', 'Western Space Explore Corp.', 'Beyond Business Corp.', '17120d02-6ab5-3e43-18cb-66948daf6128', 'Customer Support', 'Information Technology', '6b47b37f-3123-3ce7-14cf-9712082ff6cb', 'Clothing', 'Accessories', '2023-03-03 13:40:15', 200000, 11, 0.0000, 0.3, 2015, 4, '2023-03-03 13:40:15', True, 'tvTam', '2023-03-21 15:41:06', 'tvtam', '2023-04-23 15:26:58', '[{"codeSource":"NST","costValue":100000},{"codeSource":"NSH","costValue":100000}]'),
('2a06ffef-3c61-3ead-c5ad-cb989f2177da', 'TS204', 'RedmiZ', '2ee920ae-3341-4f61-4e80-3a2297d01534', 'Creative Space Research Corporation', 'West Coast Broadcasting Group', '4e272fc4-7875-78d6-7d32-6a1673ffca7c', 'Facilities', 'Customer Support', '354f1b13-17bf-1b52-87d5-ba100c6f7bce', 'Games', 'Movies', '2022-01-01 00:16:30', 200000, 15, 0.0000, 0.3, 2016, 6, '2022-01-01 00:16:30', True, 'tvTam', '2023-03-21 00:16:15', 'tvtam', '2023-04-23 15:26:58', '[{"codeSource":"NST","costValue":100000},{"codeSource":"NSH","costValue":100000}]'),
('2a888489-4f02-48c0-d4f8-494a84b910f4', 'TS928', 'XiaomiB', '19d1c0ea-24d9-628f-4695-2c566fa88632', 'Flexible Trust Group', 'International Space Research Co.', '7686595d-16d5-33b3-0080-e8e2a817c80e', 'Manufacturing', 'Customer Support', '3700cc49-55b5-69ea-4929-a2925c0f334d', 'Movies', 'Audible', '2022-01-01 00:00:07', 200000, 17, 0.0000, 0.4, 2016, 9, '2022-01-01 00:00:07', True, 'tvTam', '2023-03-21 23:42:51', 'tvtam', '2023-04-23 15:26:58', '[{"codeSource":"NST","costValue":100000},{"codeSource":"NSH","costValue":100000}]'),
('2aee441a-681f-2d35-8278-553c0310877a', 'TS687', 'NokiaO', '277c1f90-59e1-688a-384a-aea48a10ed18', 'Professional Broadcasting Group', 'International E-Mobile Corporation', '7686595d-16d5-33b3-0080-e8e2a817c80e', 'Executive', 'Consulting', '148ed882-32b8-218e-9c20-39c2f00615e8', 'Computers', 'Toys', '2022-03-12 20:06:20', 200000, 4, 0.0000, 0.1, 2008, 8, '2022-03-12 20:06:20', True, 'tvTam', '2023-03-21 14:58:22', 'tvtam', '2023-04-23 15:26:58', '[{"codeSource":"NST","costValue":100000},{"codeSource":"NSH","costValue":100000}]'),
('2b3bfe5b-2518-6e79-d6f8-494a84b910f4', 'TS304', 'RedmiL', '7276780d-5d78-49c2-4780-3a2297d01534', 'First High-Technologies Inc.', 'WorldWide G-Mobile Group', '142cb08f-7c31-21fa-8e90-67245e8b283e', 'Consulting', 'Executive', '148ed882-32b8-218e-9c20-39c2f00615e8', 'Office', 'Health', '2023-01-19 18:06:41', 200000, 17, 0.0000, 0.5, 2020, 8, '2023-01-19 18:06:41', False, 'tvTam', '2023-03-21 03:05:10', 'tvtam', '2023-04-23 15:26:58', '[{"codeSource":"NST","costValue":100000},{"codeSource":"NSH","costValue":100000}]'),
('2be43597-32d1-5030-0b28-030d4265475f', 'TS536', 'XiaomiC', '176a9101-657e-3593-231e-21c6d80fbd76', 'Professional Space Research Inc.', 'Future Delivery Inc.', '4e272fc4-7875-78d6-7d32-6a1673ffca7c', 'Customer Support', 'Research and Development', '148ed882-32b8-218e-9c20-39c2f00615e8', 'Books', 'Accessories', '2022-02-06 08:39:20', 200000, 16, 0.0000, 0.5, 2009, 6, '2022-02-06 08:39:20', False, 'tvTam', '2023-03-21 00:01:38', 'tvtam', '2023-04-23 15:26:58', '[{"codeSource":"NST","costValue":100000},{"codeSource":"NSH","costValue":100000}]'),
('2c8fd910-5060-21ec-fa12-ebbbcf065d1c', 'TS788', 'IphoneZ', '1fe932b3-3506-5a4f-5195-2c566fa88632', 'Pacific N-Mobile Inc.', 'American E-Mobile Corp.', '768f8e64-7d10-20c9-967d-e8c757976496', 'Executive', 'Finance', '6b47b37f-3123-3ce7-14cf-9712082ff6cb', 'Health', 'Crafts', '2023-01-03 03:58:23', 200000, 18, 0.0000, 0.5, 2007, 8, '2023-01-03 03:58:23', False, 'tvTam', '2023-03-21 18:14:40', 'tvtam', '2023-04-23 15:26:58', '[{"codeSource":"NST","costValue":100000},{"codeSource":"NSH","costValue":100000}]'),
('2c9bd897-385e-7459-f812-ebbbcf065d1c', 'TS592', 'OppoA', '1921aea6-6cdc-3694-4e69-9f77bda75690', 'Western V-Mobile Corporation', 'East Trust Corp.', '768f8e64-7d10-20c9-967d-e8c757976496', 'Information Technology', 'Executive', '1b691e79-236d-5b5a-9d20-39c2f00615e8', 'Pharmacy', 'Electronics', '2022-01-01 02:33:48', 200000, 1, 0.0000, 0.1, 2014, 4, '2022-01-01 02:33:48', False, 'tvTam', '2023-03-21 20:31:23', 'tvtam', '2023-04-23 15:26:58', '[{"codeSource":"NST","costValue":100000},{"codeSource":"NSH","costValue":100000}]'),
('2cb2bad7-3b25-1669-0828-030d4265475f', 'TS219', 'IphoneD', '7a7d008f-16e6-64f9-234a-aea48a10ed18', 'Union Foods Co.', 'Union Security Inc.', '4577565a-7e3e-493a-74dd-867949feb8b5', 'Executive', 'Research and Development', '354f1b13-17bf-1b52-87d5-ba100c6f7bce', 'Electronics', 'Electronics', '2022-01-01 02:04:26', 200000, 11, 0.0000, 0.5, 2008, 4, '2022-01-01 02:04:26', False, 'tvTam', '2023-03-21 07:43:22', 'tvtam', '2023-04-23 15:26:58', '[{"codeSource":"NST","costValue":100000},{"codeSource":"NSH","costValue":100000}]'),
('2d7c4ad9-5762-3f18-fc74-9471face0ab4', 'TS454', 'Oppo9', '28aa154f-6d8f-745b-f8b4-c8af08a50cbf', 'American Foods Corp.', 'Canadian High-Technologies Group', '7686595d-16d5-33b3-0080-e8e2a817c80e', 'Research and Development', 'Executive', '148ed882-32b8-218e-9c20-39c2f00615e8', 'Beauty', 'Gifts', '2022-01-01 00:00:04', 200000, 6, 0.0000, 0.8, 2008, 5, '2022-01-01 00:00:04', False, 'tvTam', '2023-03-21 00:09:08', 'tvtam', '2023-04-23 15:26:58', '[{"codeSource":"NST","costValue":100000},{"codeSource":"NSH","costValue":100000}]'),
('2d7c5749-57b4-3c7a-eddc-845b5dcdad45', 'TS195', 'SamSung9', '7e336cda-7f4c-3a8e-3895-2c566fa88632', 'Global Telecommunications Corporation', 'Union W-Mobile Corp.', '768f8e64-7d10-20c9-967d-e8c757976496', 'Sales', 'Executive', '25c6c36e-1668-7d10-6e09-bf1378b8dc91', 'Shoes', 'Furniture', '2022-01-01 00:08:32', 200000, 17, 0.0000, 0.1, 2009, 5, '2022-01-01 00:08:32', False, 'tvTam', '2023-03-21 01:47:36', 'tvtam', '2023-04-23 15:26:58', '[{"codeSource":"NST","costValue":100000},{"codeSource":"NSH","costValue":100000}]'),
('2e67b90b-75ae-42d5-f129-16c01537719a', 'TS484', 'VivoA\r\n', '20e6cf5c-56c1-4716-4880-3a2297d01534', 'Professional Space Explore Corporation', 'WorldWide Mining Corporation', '469b3ece-744a-45d5-957d-e8c757976496', 'Customer Support', 'Facilities', '3b86d2ed-446c-5fce-56be-406293204378', 'Patio', 'Furniture', '2023-02-17 14:51:51', 200000, 5, 0.0000, 0.4, 2007, 4, '2023-02-17 14:51:51', False, 'tvTam', '2023-03-21 00:40:37', 'tvtam', '2023-04-23 15:26:58', '[{"codeSource":"NST","costValue":100000},{"codeSource":"NSH","costValue":100000}]'),
('2e9243c3-466b-239d-6f78-553c0310877a', 'TS974', 'Cellphone5', '3e805329-4dde-7c42-3f80-3a2297d01534', 'Special Electricity Corp.', 'Domestic Systems Corporation', '469b3ece-744a-45d5-957d-e8c757976496', 'Consulting', 'Facilities', '1b691e79-236d-5b5a-9d20-39c2f00615e8', 'Audible', 'Patio', '2022-04-17 18:04:41', 200000, 5, 0.0000, 0.8, 2028, 5, '2022-04-17 18:04:41', False, 'tvTam', '2023-03-21 00:20:07', 'tvtam', '2023-04-23 15:26:58', '[{"codeSource":"NST","costValue":100000},{"codeSource":"NSH","costValue":100000}]'),
('2ef7ebc2-6905-1649-bead-cb989f2177da', 'TS341', 'SamSungK', '6b191a44-6f77-7268-5fcb-b8d37b68af4d', 'Flexible Insurance Inc.', 'First Y-Mobile Corporation', '469b3ece-744a-45d5-957d-e8c757976496', 'Research and Development', 'Information Technology', '6b47b37f-3123-3ce7-14cf-9712082ff6cb', 'Crafts', 'Clothing', '2022-10-22 09:00:56', 200000, 8, 0.0000, 0.3, 2006, 6, '2022-10-22 09:00:56', False, 'tvTam', '2023-03-21 08:31:40', 'tvtam', '2023-04-23 15:26:58', '[{"codeSource":"NST","costValue":100000},{"codeSource":"NSH","costValue":100000}]'),
('2fd3a16f-3cf8-7ba3-f329-16c01537719a', 'TS515', 'NokiaH', '5c1469a5-2f1b-1bba-4a95-2c566fa88632', 'First Space Research Corporation', 'Smart Investment Group', '4577565a-7e3e-493a-74dd-867949feb8b5', 'Marketing', 'Information Technology', '354f1b13-17bf-1b52-87d5-ba100c6f7bce', 'Jewelry', 'Pharmacy', '2022-08-27 09:59:57', 200000, 15, 0.0000, 0.6, 2008, 10, '2022-08-27 09:59:57', False, 'tvTam', '2023-03-21 09:53:28', 'tvtam', '2023-04-23 15:26:58', '[{"codeSource":"NST","costValue":100000},{"codeSource":"NSH","costValue":100000}]'),
('3011afdd-4a46-3a65-f229-16c01537719a', 'TS280', 'Xiaomi4', '15277503-2ce8-5417-4a80-3a2297d01534', 'Domestic Telemetrics Corporation', 'Flexible High-Technologies Inc.', '4e272fc4-7875-78d6-7d32-6a1673ffca7c', 'Executive', 'Operations', '3700cc49-55b5-69ea-4929-a2925c0f334d', 'Baby', 'Garden', '2022-05-30 21:16:25', 200000, 3, 0.0000, 0.5, 2029, 2, '2022-05-30 21:16:25', False, 'tvTam', '2023-03-21 13:22:56', 'tvtam', '2023-04-23 15:26:58', '[{"codeSource":"NST","costValue":100000},{"codeSource":"NSH","costValue":100000}]'),
('317a7f16-11ba-6a45-1928-030d4265475f', 'TS936', 'SamSungH', '732b3277-5dd6-4ff5-4d80-3a2297d01534', 'East Oil Corporation', 'Global High-Technologies Inc.', '768f8e64-7d10-20c9-967d-e8c757976496', 'Customer Support', 'Research and Development', '6b47b37f-3123-3ce7-14cf-9712082ff6cb', 'Jewelry', 'Furniture', '2022-01-01 00:01:07', 200000, 7, 0.0000, 0.4, 2015, 10, '2022-01-01 00:01:07', False, 'tvTam', '2023-03-21 17:52:55', 'tvtam', '2023-04-23 15:26:58', '[{"codeSource":"NST","costValue":100000},{"codeSource":"NSH","costValue":100000}]'),
('31857b79-44c8-1c9b-1128-030d4265475f', 'TS718', 'SamSung2', '731eb9ff-581b-14c8-3126-978952f080e4', 'City Products Inc.', 'Canadian F-Mobile Inc.', '7686595d-16d5-33b3-0080-e8e2a817c80e', 'Manufacturing', 'Finance', '6b47b37f-3123-3ce7-14cf-9712082ff6cb', 'Toys', 'Gifts', '2022-03-30 00:19:48', 200000, 3, 0.0000, 0.4, 2017, 2, '2022-03-30 00:19:48', False, 'tvTam', '2023-03-21 07:59:25', 'tvtam', '2023-04-23 15:26:58', '[{"codeSource":"NST","costValue":100000},{"codeSource":"NSH","costValue":100000}]'),
('31f1d9d4-1568-4117-e829-16c01537719a', 'TS810', 'IphoneA', '4abe5367-730a-5742-59cb-b8d37b68af4d', 'East 5D Electronic Corporation', 'East High-Technologies Inc.', '7686595d-16d5-33b3-0080-e8e2a817c80e', 'Sales', 'Customer Support', '1b691e79-236d-5b5a-9d20-39c2f00615e8', 'Movies', 'Baby', '2022-01-01 00:06:47', 200000, 19, 0.0000, 0.4, 2010, 6, '2022-01-01 00:06:47', False, 'tvTam', '2023-03-21 00:06:04', 'tvtam', '2023-04-23 15:26:58', '[{"codeSource":"NST","costValue":100000},{"codeSource":"NSH","costValue":100000}]'),
('34bbee48-d901-11ed-ab41-6c2b59ff60e6', 'TS1003', 'iphone 12s pro', NULL, NULL, NULL, '17120d02-6ab5-3e43-18cb-66948daf6128', 'PKH', 'Phòng Bảo Vệ ', '25c6c36e-1668-7d10-6e09-bf1378b8dc91', '8BT', 'Xiaomi\r\n', '2022-04-12 00:00:00', 200000, 2, 41096.0000, 0.00333, 2023, 3, '2022-04-12 00:00:00', False, 'TVanTam', '2023-04-12 14:11:12', 'tvtam', '2023-04-23 15:26:58', '[{"codeSource":"NST","costValue":100000},{"codeSource":"NSH","costValue":100000}]'),
('3567ecc7-4e22-22e8-d9c7-6c0aeb6ec302', 'TS415', 'OppoJ', '71f0ce54-5d84-2d59-2f4a-aea48a10ed18', 'First High-Technologies Inc.', 'Australian Space Research Corp.', '7686595d-16d5-33b3-0080-e8e2a817c80e', 'Executive', 'Consulting', '3b86d2ed-446c-5fce-56be-406293204378', 'Office', 'Audible', '2023-02-12 19:21:05', 200000, 6, 0.0000, 0.7, 2028, 2, '2023-02-12 19:21:05', False, 'tvTam', '2023-03-21 00:00:08', 'tvtam', '2023-04-23 15:26:58', '[{"codeSource":"NST","costValue":100000},{"codeSource":"NSH","costValue":100000}]'),
('3574b9f0-74a9-5b51-cef8-494a84b910f4', 'TS036', 'CellphoneY', '5330491b-2e0d-76e5-294a-aea48a10ed18', 'Professional High-Technologies Inc.', 'Canadian Space Research Corporation', '768f8e64-7d10-20c9-967d-e8c757976496', 'Consulting', 'Facilities', '1b691e79-236d-5b5a-9d20-39c2f00615e8', 'Shoes', 'Movies', '2022-07-15 00:40:25', 200000, 8, 0.0000, 0.3, 2017, 8, '2022-07-15 00:40:25', False, 'tvTam', '2023-03-21 08:27:40', 'tvtam', '2023-04-23 15:26:58', '[{"codeSource":"NST","costValue":100000},{"codeSource":"NSH","costValue":100000}]'),
('3631011e-4559-4ad8-b0ad-cb989f2177da', 'TS534', 'SamSung0', '674934cc-42cf-20cf-1d4a-aea48a10ed18', 'Beyond 5G Wireless Co.', 'East Space Explore Corporation', '4e272fc4-7875-78d6-7d32-6a1673ffca7c', 'Information Technology', 'Executive', '25c6c36e-1668-7d10-6e09-bf1378b8dc91', 'Movies', 'Tools', '2022-07-19 14:16:03', 200000, 17, 0.0000, 0.7, 2009, 5, '2022-07-19 14:16:03', False, 'tvTam', '2023-03-21 00:00:07', 'tvtam', '2023-04-23 15:26:58', '[{"codeSource":"NST","costValue":100000},{"codeSource":"NSH","costValue":100000}]'),
('369f9824-11bb-2ad6-1428-030d4265475f', 'TS975', 'RedmiF', '6c28eec7-48f9-7c4d-4669-9f77bda75690', 'City Equipment Inc.', 'Pacific Y-Mobile Corporation', '7686595d-16d5-33b3-0080-e8e2a817c80e', 'Research and Development', 'Research and Development', '1b691e79-236d-5b5a-9d20-39c2f00615e8', 'Clothing', 'Baby', '2022-01-01 00:01:30', 200000, 4, 0.0000, 0.4, 2010, 4, '2022-01-01 00:01:30', False, 'tvTam', '2023-03-21 04:09:40', 'tvtam', '2023-04-23 15:26:58', '[{"codeSource":"NST","costValue":100000},{"codeSource":"NSH","costValue":100000}]'),
('36a52b3f-180d-4439-1228-030d4265475f', 'TS924', 'XiaomiV', '21c27f0b-7ae1-177e-2b1e-21c6d80fbd76', 'Pacific Financial Group', 'American U-Mobile Group', '7686595d-16d5-33b3-0080-e8e2a817c80e', 'Human Resources', 'Research and Development', '6b47b37f-3123-3ce7-14cf-9712082ff6cb', 'Shoes', 'Home', '2022-04-20 14:08:53', 200000, 5, 0.0000, 0.7, 2007, 5, '2022-04-20 14:08:53', False, 'tvTam', '2023-03-21 00:00:36', 'tvtam', '2023-04-23 15:26:58', '[{"codeSource":"NST","costValue":100000},{"codeSource":"NSH","costValue":100000}]'),
('392fa796-4918-764e-6d78-553c0310877a', 'TS173', 'Vivo7\r\n', '2a4dcb61-3cde-2171-2a26-978952f080e4', 'City Wave Energy Inc.', 'Domestic Space Research Corporation', '768f8e64-7d10-20c9-967d-e8c757976496', 'Consulting', 'Marketing', '354f1b13-17bf-1b52-87d5-ba100c6f7bce', 'Office', 'Baby', '2022-03-21 11:48:26', 200000, 4, 0.0000, 0.8, 2013, 10, '2022-03-21 11:48:26', False, 'tvTam', '2023-03-21 08:56:58', 'tvtam', '2023-04-23 15:26:58', '[{"codeSource":"NST","costValue":100000},{"codeSource":"NSH","costValue":100000}]'),
('3a10e21a-7b72-4e25-e512-ebbbcf065d1c', 'TS576', 'Nokia5', '751d9b3c-4512-268d-2826-978952f080e4', 'Canadian Space Research Corporation', 'General High-Technologies Co.', '768f8e64-7d10-20c9-967d-e8c757976496', 'Operations', 'Sales', '3b86d2ed-446c-5fce-56be-406293204378', 'Books', 'Computers', '2022-06-15 17:46:57', 200000, 20, 0.0000, 0.1, 2006, 5, '2022-06-15 17:46:57', False, 'tvTam', '2023-03-21 00:37:10', 'tvtam', '2023-04-23 15:26:58', '[{"codeSource":"NST","costValue":100000},{"codeSource":"NSH","costValue":100000}]'),
('3b29a510-3f44-45e8-0775-9471face0ab4', 'TS594', 'SamSungY', '4e151d72-5d95-270b-3226-978952f080e4', 'General Business Group', 'North Space Explore Corp.', '7686595d-16d5-33b3-0080-e8e2a817c80e', 'Finance', 'Information Technology', '3700cc49-55b5-69ea-4929-a2925c0f334d', 'Garden', 'Tools', '2023-01-17 04:25:38', 200000, 8, 0.0000, 0.1, 2010, 7, '2023-01-17 04:25:38', False, 'tvTam', '2023-03-21 09:37:31', 'tvtam', '2023-04-23 15:26:58', '[{"codeSource":"NST","costValue":100000},{"codeSource":"NSH","costValue":100000}]'),
('3b3a9b34-6ec3-2aac-f729-16c01537719a', 'TS022', 'SamSungA', '5a6b9e9c-299f-6c05-5080-3a2297d01534', 'East Mining Co.', 'Pacific Space Research Corp.', '4e272fc4-7875-78d6-7d32-6a1673ffca7c', 'Information Technology', 'Research and Development', '1b691e79-236d-5b5a-9d20-39c2f00615e8', 'Books', 'Shoes', '2022-11-25 10:29:44', 200000, 3, 0.0000, 0.7, 2006, 4, '2022-11-25 10:29:44', False, 'tvTam', '2023-03-21 00:00:04', 'tvtam', '2023-04-23 15:26:58', '[{"codeSource":"NST","costValue":100000},{"codeSource":"NSH","costValue":100000}]'),
('3b8fbee0-3c93-36b5-1028-030d4265475f', 'TS941', 'Redmi0', '11ce5d2d-260e-11cb-4595-2c566fa88632', 'Smart High-Technologies Co.', 'General High-Technologies Inc.', '7686595d-16d5-33b3-0080-e8e2a817c80e', 'Facilities', 'Information Technology', '25c6c36e-1668-7d10-6e09-bf1378b8dc91', 'Tools', 'Food', '2022-01-01 00:00:09', 200000, 4, 0.0000, 0.7, 2009, 9, '2022-01-01 00:00:09', False, 'tvTam', '2023-03-21 01:41:18', 'tvtam', '2023-04-23 15:26:58', '[{"codeSource":"NST","costValue":100000},{"codeSource":"NSH","costValue":100000}]'),
('3be5bdc0-5a6e-4d9e-1075-9471face0ab4', 'TS446', 'NokiaI', '2d5a5264-2401-1af0-f469-4afe230d73a5', 'Beyond Products Inc.', 'Professional 2G Wireless Group', '7686595d-16d5-33b3-0080-e8e2a817c80e', 'Information Technology', 'Information Technology', '354f1b13-17bf-1b52-87d5-ba100c6f7bce', 'Tools', 'Office', '2022-09-24 08:35:06', 200000, 8, 0.0000, 0.4, 2029, 10, '2022-09-24 08:35:06', False, 'tvTam', '2023-03-21 09:23:28', 'tvtam', '2023-04-23 15:26:58', '[{"codeSource":"NST","costValue":100000},{"codeSource":"NSH","costValue":100000}]'),
('3be7f5cf-7438-6ede-83c3-d3ede7a72094', 'TS034', 'IphoneH', '188263d8-1426-370e-3869-9f77bda75690', 'Flexible High-Technologies Co.', 'International Space Explore Group', '4577565a-7e3e-493a-74dd-867949feb8b5', 'Consulting', 'Research and Development', '1b691e79-236d-5b5a-9d20-39c2f00615e8', 'Clothing', 'Computers', '2022-09-09 08:29:35', 200000, 10, 0.0000, 0.5, 2017, 2, '2022-09-09 08:29:35', False, 'tvTam', '2023-03-21 10:49:46', 'tvtam', '2023-04-23 15:26:58', '[{"codeSource":"NST","costValue":100000},{"codeSource":"NSH","costValue":100000}]'),
('3c1063e8-464b-245e-c9f8-494a84b910f4', 'TS801', 'NokiaQ', '1aa330a8-4e48-7daf-214a-aea48a10ed18', 'Special High-Technologies Inc.', 'Canadian Research Corporation', '7686595d-16d5-33b3-0080-e8e2a817c80e', 'Manufacturing', 'Customer Support', '25c6c36e-1668-7d10-6e09-bf1378b8dc91', 'Audible', 'Electronics', '2023-02-20 07:39:35', 200000, 18, 0.0000, 0.1, 2006, 6, '2023-02-20 07:39:35', False, 'tvTam', '2023-03-21 00:00:02', 'tvtam', '2023-04-23 15:26:58', '[{"codeSource":"NST","costValue":100000},{"codeSource":"NSH","costValue":100000}]'),
('3d2200ee-5a36-5964-0c75-9471face0ab4', 'TS658', 'NokiaA', '77842119-1980-5d66-64cb-b8d37b68af4d', 'United High-Technologies Inc.', 'Smart Logics Corp.', '4e272fc4-7875-78d6-7d32-6a1673ffca7c', 'Executive', 'Sales', '1b691e79-236d-5b5a-9d20-39c2f00615e8', 'Outdoors', 'Clothing', '2022-01-01 02:44:10', 200000, 16, 0.0000, 0.6, 2007, 8, '2022-01-01 02:44:10', False, 'tvTam', '2023-03-21 20:59:28', 'tvtam', '2023-04-23 15:26:58', '[{"codeSource":"NST","costValue":100000},{"codeSource":"NSH","costValue":100000}]'),
('3d7f2a35-42d8-229a-e429-16c01537719a', 'TS731', 'IphoneE', '36c45179-1fc2-27b2-3b95-2c566fa88632', 'Special Systems Inc.', 'Domestic High-Technologies Corporation', '469b3ece-744a-45d5-957d-e8c757976496', 'Sales', 'Manufacturing', '148ed882-32b8-218e-9c20-39c2f00615e8', 'Books', 'Tools', '2022-01-01 00:09:09', 200000, 15, 0.0000, 0.3, 2024, 9, '2022-01-01 00:09:09', False, 'tvTam', '2023-03-21 02:19:16', 'tvtam', '2023-04-23 15:26:58', '[{"codeSource":"NST","costValue":100000},{"codeSource":"NSH","costValue":100000}]'),
('3f5aecc1-19c0-389b-e0f8-494a84b910f4', 'TS351', 'CellphoneV', '519bbc11-2bff-2e82-5280-3a2297d01534', 'Professional Data Corporation', 'Global 3G Wireless Corp.', '4e272fc4-7875-78d6-7d32-6a1673ffca7c', 'Human Resources', 'Facilities', '6b47b37f-3123-3ce7-14cf-9712082ff6cb', 'Music', 'Baby', '2022-11-16 02:38:38', 200000, 4, 0.0000, 0.2, 2010, 7, '2022-11-16 02:38:38', False, 'tvTam', '2023-03-21 00:01:22', 'tvtam', '2023-04-23 15:26:58', '[{"codeSource":"NST","costValue":100000},{"codeSource":"NSH","costValue":100000}]'),
('3f93d93d-2236-468c-fd74-9471face0ab4', 'TS909', 'IphoneT', '11db07ea-3a3f-169b-3c80-3a2297d01534', 'WorldWide Goods Inc.', 'Flexible High-Technologies Corp.', '7686595d-16d5-33b3-0080-e8e2a817c80e', 'Finance', 'Operations', '1b691e79-236d-5b5a-9d20-39c2f00615e8', 'Crafts', 'Books', '2022-01-01 01:37:34', 200000, 19, 0.0000, 0.5, 2016, 4, '2022-01-01 01:37:34', False, 'tvTam', '2023-03-21 00:00:54', 'tvtam', '2023-04-23 15:26:58', '[{"codeSource":"NST","costValue":100000},{"codeSource":"NSH","costValue":100000}]'),
('3fe20d2b-3aa4-5c27-92c3-d3ede7a72094', 'TS880', 'Nokia6', '799e5420-3e78-39b7-4871-153b37881afe', 'Beyond High-Technologies Group', 'City V-Mobile Group', '469b3ece-744a-45d5-957d-e8c757976496', 'Finance', 'Research and Development', '354f1b13-17bf-1b52-87d5-ba100c6f7bce', 'Crafts', 'Clothing', '2022-08-18 21:52:04', 200000, 18, 0.0000, 0.6, 2025, 7, '2022-08-18 21:52:04', False, 'tvTam', '2023-03-21 07:28:24', 'tvtam', '2023-04-23 15:26:58', '[{"codeSource":"NST","costValue":100000},{"codeSource":"NSH","costValue":100000}]'),
('40017206-6097-1780-e1c7-6c0aeb6ec302', 'TS896', 'Redmi9', '21851c35-604d-7872-10b5-c8af08a50cbf', 'North Space Research Group', 'United Space Research Corporation', '7686595d-16d5-33b3-0080-e8e2a817c80e', 'Consulting', 'Customer Support', '3700cc49-55b5-69ea-4929-a2925c0f334d', 'Clothing', 'Gifts', '2022-04-02 15:21:39', 200000, 19, 0.0000, 0.2, 2007, 4, '2022-04-02 15:21:39', False, 'tvTam', '2023-03-21 01:40:33', 'tvtam', '2023-04-23 15:26:58', '[{"codeSource":"NST","costValue":100000},{"codeSource":"NSH","costValue":100000}]'),
('404b2b33-7f61-7452-1175-9471face0ab4', 'TS055', 'SamSungX', '4ef53589-11d3-7327-0db5-c8af08a50cbf', 'Global Semiconductor Inc.', 'City High-Technologies Corp.', '469b3ece-744a-45d5-957d-e8c757976496', 'Operations', 'Customer Support', '3700cc49-55b5-69ea-4929-a2925c0f334d', 'Books', 'Jewelry', '2022-01-01 00:01:25', 200000, 16, 0.0000, 0.5, 2027, 2, '2022-01-01 00:01:25', False, 'tvTam', '2023-03-21 06:51:59', 'tvtam', '2023-04-23 15:26:58', '[{"codeSource":"NST","costValue":100000},{"codeSource":"NSH","costValue":100000}]'),
('405cd8be-1160-35ff-85c3-d3ede7a72094', 'TS558', 'SamSung8', '69b684a9-3962-48e7-56cb-b8d37b68af4d', 'Union Optics Co.', 'Special Delivery Corporation', '469b3ece-744a-45d5-957d-e8c757976496', 'Consulting', 'Research and Development', '3b86d2ed-446c-5fce-56be-406293204378', 'Patio', 'Office', '2022-02-22 18:59:46', 200000, 20, 0.0000, 0.6, 2011, 4, '2022-02-22 18:59:46', False, 'tvTam', '2023-03-21 06:27:30', 'tvtam', '2023-04-23 15:26:58', '[{"codeSource":"NST","costValue":100000},{"codeSource":"NSH","costValue":100000}]'),
('429929b2-65e0-74f5-c7ad-cb989f2177da', 'TS377', 'SamSung7', '2c2ebc84-30b0-161d-331e-21c6d80fbd76', 'General Space Research Group', 'Professional Space Explore Inc.', '142cb08f-7c31-21fa-8e90-67245e8b283e', 'Finance', 'Sales', '6b47b37f-3123-3ce7-14cf-9712082ff6cb', 'Electronics', 'Clothing', '2022-04-29 17:16:34', 200000, 5, 0.0000, 0.2, 2016, 6, '2022-04-29 17:16:34', False, 'tvTam', '2023-03-21 12:45:26', 'tvtam', '2023-04-23 15:26:58', '[{"codeSource":"NST","costValue":100000},{"codeSource":"NSH","costValue":100000}]'),
('42f2aa22-4086-3bbe-fc29-16c01537719a', 'TS292', 'CellphoneE', '3c55acdb-375c-4705-3e26-978952f080e4', 'Future High-Technologies Group', 'Pacific Natural Gas Resources Corporation', '768f8e64-7d10-20c9-967d-e8c757976496', 'Finance', 'Customer Support', '25c6c36e-1668-7d10-6e09-bf1378b8dc91', 'Shoes', 'Health', '2022-10-31 07:57:28', 200000, 6, 0.0000, 0.3, 2019, 6, '2022-10-31 07:57:28', False, 'tvTam', '2023-03-21 00:58:15', 'tvtam', '2023-04-23 15:26:58', '[{"codeSource":"NST","costValue":100000},{"codeSource":"NSH","costValue":100000}]'),
('43871870-33a0-7343-0a28-030d4265475f', 'TS946', 'Oppo7', '16901daa-2657-688d-274a-aea48a10ed18', 'Australian Financial Inc.', 'Professional High-Technologies Inc.', '142cb08f-7c31-21fa-8e90-67245e8b283e', 'Information Technology', 'Consulting', '25c6c36e-1668-7d10-6e09-bf1378b8dc91', 'Crafts', 'Health', '2022-08-25 18:07:28', 200000, 4, 0.0000, 0.3, 2012, 5, '2022-08-25 18:07:28', False, 'tvTam', '2023-03-21 08:18:20', 'tvtam', '2023-04-23 15:26:58', '[{"codeSource":"NST","costValue":100000},{"codeSource":"NSH","costValue":100000}]'),
('44ef8b1c-63b2-6ac5-d1f8-494a84b910f4', 'TS099', 'IphoneU', '3c0ea1ce-7cb6-4bf5-4671-153b37881afe', 'National 3G Wireless Inc.', 'Professional Petroleum Inc.', '469b3ece-744a-45d5-957d-e8c757976496', 'Information Technology', 'Sales', '1b691e79-236d-5b5a-9d20-39c2f00615e8', 'Health', 'Toys', '2022-01-01 00:33:05', 200000, 5, 0.0000, 0.4, 2014, 9, '2022-01-01 00:33:05', False, 'tvTam', '2023-03-21 00:00:05', 'tvtam', '2023-04-23 15:26:58', '[{"codeSource":"NST","costValue":100000},{"codeSource":"NSH","costValue":100000}]'),
('451d2509-5787-3501-ffdc-845b5dcdad45', 'TS140', 'IphoneL', '3479429f-718f-440c-334a-aea48a10ed18', 'Canadian Industry Inc.', 'Canadian High-Technologies Co.', '142cb08f-7c31-21fa-8e90-67245e8b283e', 'Research and Development', 'Finance', '6b47b37f-3123-3ce7-14cf-9712082ff6cb', 'Gifts', 'Music', '2022-01-01 00:00:07', 200000, 15, 0.0000, 0.2, 2007, 9, '2022-01-01 00:00:07', False, 'tvTam', '2023-03-21 02:39:21', 'tvtam', '2023-04-23 15:26:58', '[{"codeSource":"NST","costValue":100000},{"codeSource":"NSH","costValue":100000}]'),
('45418d8c-43a0-19e6-f029-16c01537719a', 'TS784', 'RedmiU', '2457177b-5524-738c-3426-978952f080e4', 'Pacific Space Research Co.', 'General Computers Corporation', '142cb08f-7c31-21fa-8e90-67245e8b283e', 'Manufacturing', 'Sales', '3b86d2ed-446c-5fce-56be-406293204378', 'Music', 'Books', '2022-04-04 05:02:53', 200000, 2, 0.0000, 0.3, 2009, 4, '2022-04-04 05:02:53', False, 'tvTam', '2023-03-21 04:22:46', 'tvtam', '2023-04-23 15:26:58', '[{"codeSource":"NST","costValue":100000},{"codeSource":"NSH","costValue":100000}]'),
('45ec7b55-15cf-187b-0375-9471face0ab4', 'TS381', 'IphoneX', '2b547a38-6d93-7799-4571-153b37881afe', 'International Telecommunications Co.', 'First Services Corp.', '142cb08f-7c31-21fa-8e90-67245e8b283e', 'Finance', 'Executive', '1b691e79-236d-5b5a-9d20-39c2f00615e8', 'Food', 'Movies', '2022-02-07 01:06:55', 200000, 1, 0.0000, 0.2, 2017, 8, '2022-02-07 01:06:55', False, 'tvTam', '2023-03-21 00:00:06', 'tvtam', '2023-04-23 15:26:58', '[{"codeSource":"NST","costValue":100000},{"codeSource":"NSH","costValue":100000}]'),
('4628f6df-6e4d-4115-fb74-9471face0ab4', 'TS952', 'OppoS', '3ef40874-7653-5c65-2726-978952f080e4', 'Smart Entertainment Group', 'National Consulting Group', '469b3ece-744a-45d5-957d-e8c757976496', 'Research and Development', 'Executive', '3700cc49-55b5-69ea-4929-a2925c0f334d', 'Pets', 'Tools', '2022-02-05 19:56:27', 200000, 14, 0.0000, 0.8, 2027, 10, '2022-02-05 19:56:27', False, 'tvTam', '2023-03-21 02:03:02', 'tvtam', '2023-04-23 15:26:58', '[{"codeSource":"NST","costValue":100000},{"codeSource":"NSH","costValue":100000}]'),
('464679fc-3843-20ed-7b78-553c0310877a', 'TS530', 'Oppo4', '1540f206-42cf-6f42-4769-9f77bda75690', 'National Space Research Group', 'National Broadcasting Corporation', '768f8e64-7d10-20c9-967d-e8c757976496', 'Human Resources', 'Information Technology', '1b691e79-236d-5b5a-9d20-39c2f00615e8', 'Gifts', 'Pets', '2022-11-05 10:44:51', 200000, 3, 0.0000, 0.5, 2006, 8, '2022-11-05 10:44:51', False, 'tvTam', '2023-03-21 20:53:21', 'tvtam', '2023-04-23 15:26:58', '[{"codeSource":"NST","costValue":100000},{"codeSource":"NSH","costValue":100000}]'),
('46fdb2bd-631c-3043-8cc3-d3ede7a72094', 'TS570', 'Cellphone8', '3e1a01ba-4a49-2570-2d26-978952f080e4', 'Special Wave Energy Inc.', 'WorldWide Wave Energy Group', '4577565a-7e3e-493a-74dd-867949feb8b5', 'Research and Development', 'Human Resources', '6b47b37f-3123-3ce7-14cf-9712082ff6cb', 'Beauty', 'Patio', '2022-08-17 19:37:04', 200000, 9, 0.0000, 0.8, 2013, 8, '2022-08-17 19:37:04', False, 'tvTam', '2023-03-21 18:31:25', 'tvtam', '2023-04-23 15:26:58', '[{"codeSource":"NST","costValue":100000},{"codeSource":"NSH","costValue":100000}]'),
('471530a2-44fe-7395-b1ad-cb989f2177da', 'TS905', 'Cellphone4', '6fcbca4a-7938-4339-51cb-b8d37b68af4d', 'WorldWide Green Energy Corporation', 'WorldWide Green Power Corporation', '142cb08f-7c31-21fa-8e90-67245e8b283e', 'Research and Development', 'Executive', '3700cc49-55b5-69ea-4929-a2925c0f334d', 'Pets', 'Pets', '2022-01-01 00:08:53', 200000, 18, 0.0000, 0.7, 2011, 7, '2022-01-01 00:08:53', False, 'tvTam', '2023-03-21 10:06:12', 'tvtam', '2023-04-23 15:26:58', '[{"codeSource":"NST","costValue":100000},{"codeSource":"NSH","costValue":100000}]'),
('4731ee5b-78ef-29da-1675-9471face0ab4', 'TS250', 'NokiaX', '16837a0b-4c4c-6b63-f769-4afe230d73a5', 'City Space Research Group', 'Professional Automotive Corporation', '11452b0c-768e-5ff7-0d63-eeb1d8ed8cef', 'Customer Support', 'Facilities', '3700cc49-55b5-69ea-4929-a2925c0f334d', 'Home', 'Patio', '2022-03-27 09:26:43', 200000, 6, 0.0000, 0.2, 2017, 7, '2022-03-27 09:26:43', False, 'tvTam', '2023-03-21 00:00:07', 'tvtam', '2023-04-23 15:26:58', '[{"codeSource":"NST","costValue":100000},{"codeSource":"NSH","costValue":100000}]'),
('4792e258-7219-77c2-f2dc-845b5dcdad45', 'TS655', 'XiaomiT', '128c9c31-1636-6547-e269-4afe230d73a5', 'East Entertainment Inc.', 'Australian Devices Corporation', '7686595d-16d5-33b3-0080-e8e2a817c80e', 'Executive', 'Marketing', '354f1b13-17bf-1b52-87d5-ba100c6f7bce', 'Beauty', 'Music', '2023-03-06 11:23:21', 200000, 13, 0.0000, 0.4, 2009, 4, '2023-03-06 11:23:21', False, 'tvTam', '2023-03-21 06:32:15', 'tvtam', '2023-04-23 15:26:58', '[{"codeSource":"NST","costValue":100000},{"codeSource":"NSH","costValue":100000}]'),
('48904fae-3aac-6e3b-0975-9471face0ab4', 'TS671', 'Nokia7', '6331172c-3212-66fe-2c1e-21c6d80fbd76', 'American Mobile Inc.', 'Global High-Technologies Corporation', '4e272fc4-7875-78d6-7d32-6a1673ffca7c', 'Executive', 'Sales', '6b47b37f-3123-3ce7-14cf-9712082ff6cb', 'Audible', 'Food', '2022-04-21 13:17:09', 200000, 5, 0.0000, 0.8, 2009, 5, '2022-04-21 13:17:09', False, 'tvTam', '2023-03-21 00:00:07', 'tvtam', '2023-04-23 15:26:58', '[{"codeSource":"NST","costValue":100000},{"codeSource":"NSH","costValue":100000}]'),
('48cb1e24-1d08-5f4f-e729-16c01537719a', 'TS443', 'IphoneV', '59d2ec76-7794-6092-284a-aea48a10ed18', 'First Software Inc.', 'National Space Research Group', '7686595d-16d5-33b3-0080-e8e2a817c80e', 'Information Technology', 'Executive', '6b47b37f-3123-3ce7-14cf-9712082ff6cb', 'Crafts', 'Automotive', '2022-10-30 08:16:19', 200000, 3, 0.0000, 0.5, 2024, 9, '2022-10-30 08:16:19', False, 'tvTam', '2023-03-21 09:43:04', 'tvtam', '2023-04-23 15:26:58', '[{"codeSource":"NST","costValue":100000},{"codeSource":"NSH","costValue":100000}]'),
('495fd8d5-5df8-3db5-fe29-16c01537719a', 'TS390', 'VivoH\r\n', '187ff49a-207a-56b5-5095-2c566fa88632', 'International 4G Wireless Corporation', 'Union Materials Corporation', '4577565a-7e3e-493a-74dd-867949feb8b5', 'Research and Development', 'Research and Development', '3b86d2ed-446c-5fce-56be-406293204378', 'Automotive', 'Beauty', '2022-07-20 14:03:19', 200000, 15, 0.0000, 0.4, 2006, 4, '2022-07-20 14:03:19', False, 'tvTam', '2023-03-21 13:39:31', 'tvtam', '2023-04-23 15:26:58', '[{"codeSource":"NST","costValue":100000},{"codeSource":"NSH","costValue":100000}]'),
('4aa72c83-3007-5364-d7f8-494a84b910f4', 'TS104', 'VivoR\r\n', '6f1fa8c1-78e8-2e7a-08b5-c8af08a50cbf', 'Pacific Explore Corporation', 'East Systems Co.', '469b3ece-744a-45d5-957d-e8c757976496', 'Finance', 'Customer Support', '148ed882-32b8-218e-9c20-39c2f00615e8', 'Furniture', 'Garden', '2022-09-16 14:12:49', 200000, 3, 0.0000, 0.1, 2020, 6, '2022-09-16 14:12:49', False, 'tvTam', '2023-03-21 23:49:22', 'tvtam', '2023-04-23 15:26:58', '[{"codeSource":"NST","costValue":100000},{"codeSource":"NSH","costValue":100000}]'),
('4ab3fdda-36d8-469d-ef29-16c01537719a', 'TS988', 'IphoneM', '48acea9c-2824-24f9-5dcb-b8d37b68af4d', 'Canadian Financial Co.', 'Global Space Research Inc.', '768f8e64-7d10-20c9-967d-e8c757976496', 'Operations', 'Operations', '3b86d2ed-446c-5fce-56be-406293204378', 'Automotive', 'Clothing', '2022-10-26 08:43:55', 200000, 7, 0.0000, 0.3, 2020, 6, '2022-10-26 08:43:55', False, 'tvTam', '2023-03-21 10:44:43', 'tvtam', '2023-04-23 15:26:58', '[{"codeSource":"NST","costValue":100000},{"codeSource":"NSH","costValue":100000}]'),
('4ab7238a-6045-64d2-1628-030d4265475f', 'TS272', 'RedmiQ', '1e45f86b-55ea-1617-4895-2c566fa88632', 'American High-Technologies Inc.', 'Pacific Space Explore Group', '469b3ece-744a-45d5-957d-e8c757976496', 'Executive', 'Executive', '148ed882-32b8-218e-9c20-39c2f00615e8', 'Books', 'Shoes', '2022-01-01 00:00:08', 200000, 17, 0.0000, 0.6, 2015, 7, '2022-01-01 00:00:08', False, 'tvTam', '2023-03-21 19:07:50', 'tvtam', '2023-04-23 15:26:58', '[{"codeSource":"NST","costValue":100000},{"codeSource":"NSH","costValue":100000}]'),
('4b2f2353-1b68-124b-1475-9471face0ab4', 'TS146', 'SamSungI', '7be690b2-13cd-5e17-5371-153b37881afe', 'Flexible Travel Group', 'First Renewable Resources Group', '4577565a-7e3e-493a-74dd-867949feb8b5', 'Research and Development', 'Research and Development', '3700cc49-55b5-69ea-4929-a2925c0f334d', 'Garden', 'Toys', '2022-01-01 02:11:39', 200000, 15, 0.0000, 0.2, 2007, 9, '2022-01-01 02:11:39', False, 'tvTam', '2023-03-21 00:00:07', 'tvtam', '2023-04-23 15:26:58', '[{"codeSource":"NST","costValue":100000},{"codeSource":"NSH","costValue":100000}]'),
('4b4d1f2c-d8d1-11ed-a23d-6c2b59ff60e6', 'TS1001', 'iphone 14 pro', NULL, NULL, NULL, '142cb08f-7c31-21fa-8e90-67245e8b283e', 'MKT\r\n', 'Phòng Thu Ngân', '1b691e79-236d-5b5a-9d20-39c2f00615e8', '1Q7', 'Oppo', '2022-04-12 00:00:00', 200000, 2, 154289.0000, 0.125, 2023, 8, '2022-04-12 00:00:00', False, 'TVanTam', '2023-04-12 08:28:00', 'tvtam', '2023-04-23 15:26:58', '[{"codeSource":"NST","costValue":100000},{"codeSource":"NSH","costValue":100000}]'),
('4b868f2a-78df-1e15-f829-16c01537719a', 'TS873', 'XiaomiM', '5d92e22c-5ca8-2f33-4b69-9f77bda75690', 'First Thermal Energy Group', 'Beyond Space Explore Inc.', '469b3ece-744a-45d5-957d-e8c757976496', 'Information Technology', 'Manufacturing', '3700cc49-55b5-69ea-4929-a2925c0f334d', 'Toys', 'Furniture', '2022-04-28 01:21:01', 200000, 6, 0.0000, 0.4, 2015, 2, '2022-04-28 01:21:01', False, 'tvTam', '2023-03-21 00:00:51', 'tvtam', '2023-04-23 15:26:58', '[{"codeSource":"NST","costValue":100000},{"codeSource":"NSH","costValue":100000}]'),
('4bc86a19-2043-1683-ec29-16c01537719a', 'TS617', 'Cellphone1', '741731fb-4dd0-50f8-4280-3a2297d01534', 'Advanced High-Technologies Corporation', 'National Explore Inc.', '11452b0c-768e-5ff7-0d63-eeb1d8ed8cef', 'Finance', 'Executive', '6b47b37f-3123-3ce7-14cf-9712082ff6cb', 'Toys', 'Furniture', '2022-06-29 11:58:40', 200000, 7, 0.0000, 0.4, 2010, 7, '2022-06-29 11:58:40', False, 'tvTam', '2023-03-21 07:21:52', 'tvtam', '2023-04-23 15:26:58', '[{"codeSource":"NST","costValue":100000},{"codeSource":"NSH","costValue":100000}]'),
('4ca0373f-18e5-3ed5-93c3-d3ede7a72094', 'TS561', 'Iphone7', '6ef118a1-6896-19c7-ee69-4afe230d73a5', 'National Mobile Corp.', 'Federal Protection Co.', '11452b0c-768e-5ff7-0d63-eeb1d8ed8cef', 'Finance', 'Information Technology', '25c6c36e-1668-7d10-6e09-bf1378b8dc91', 'Office', 'Crafts', '2022-02-27 19:46:52', 200000, 7, 0.0000, 0.6, 2021, 6, '2022-02-27 19:46:52', False, 'tvTam', '2023-03-21 10:01:58', 'tvtam', '2023-04-23 15:26:58', '[{"codeSource":"NST","costValue":100000},{"codeSource":"NSH","costValue":100000}]'),
('4cf2dd43-5f4b-71b6-e212-ebbbcf065d1c', 'TS566', 'CellphoneC', '438598e2-2574-4fc8-2626-978952f080e4', 'First High-Technologies Group', 'American U-Mobile Group', '17120d02-6ab5-3e43-18cb-66948daf6128', 'Research and Development', 'Executive', '148ed882-32b8-218e-9c20-39c2f00615e8', 'Tools', 'Office', '2022-08-18 15:15:46', 200000, 8, 0.0000, 0.5, 2023, 6, '2022-08-18 15:15:46', False, 'tvTam', '2023-03-21 00:00:01', 'tvtam', '2023-04-23 15:26:58', '[{"codeSource":"NST","costValue":100000},{"codeSource":"NSH","costValue":100000}]'),
('4d476669-162c-557d-95c3-d3ede7a72094', 'TS289', 'OppoL', '73c38ab7-7550-1ab4-3726-978952f080e4', 'East Protection Inc.', 'General Space Research Corporation', '469b3ece-744a-45d5-957d-e8c757976496', 'Information Technology', 'Customer Support', '3700cc49-55b5-69ea-4929-a2925c0f334d', 'Accessories', 'Crafts', '2022-01-10 14:26:31', 200000, 10, 0.0000, 0.8, 2009, 6, '2022-01-10 14:26:31', False, 'tvTam', '2023-03-21 01:36:52', 'tvtam', '2023-04-23 15:26:58', '[{"codeSource":"NST","costValue":100000},{"codeSource":"NSH","costValue":100000}]'),
('4f91dc93-6918-692d-87c3-d3ede7a72094', 'TS427', 'Nokia4', '7f2f326b-4385-3beb-244a-aea48a10ed18', 'North G-Mobile Corp.', 'First Research Inc.', '768f8e64-7d10-20c9-967d-e8c757976496', 'Customer Support', 'Manufacturing', '3700cc49-55b5-69ea-4929-a2925c0f334d', 'Games', 'Clothing', '2022-01-01 00:00:02', 200000, 4, 0.0000, 0.3, 2020, 9, '2022-01-01 00:00:02', False, 'tvTam', '2023-03-21 17:38:23', 'tvtam', '2023-04-23 15:26:58', '[{"codeSource":"NST","costValue":100000},{"codeSource":"NSH","costValue":100000}]'),
('4f93e623-3d0c-2389-fb29-16c01537719a', 'TS528', 'CellphoneP', '1847c988-132a-3139-f669-4afe230d73a5', 'Global Logics Corp.', 'WorldWide Software Group', '17120d02-6ab5-3e43-18cb-66948daf6128', 'Consulting', 'Consulting', '1b691e79-236d-5b5a-9d20-39c2f00615e8', 'Baby', 'Automotive', '2022-02-24 07:48:07', 200000, 13, 0.0000, 0.6, 2011, 6, '2022-02-24 07:48:07', False, 'tvTam', '2023-03-21 00:00:10', 'tvtam', '2023-04-23 15:26:58', '[{"codeSource":"NST","costValue":100000},{"codeSource":"NSH","costValue":100000}]'),
('503e0367-3ef6-188b-7178-553c0310877a', 'TS868', 'IphoneI', '2997b570-182c-1e2e-2c26-978952f080e4', 'Special Electricity Inc.', 'Federal High-Technologies Corporation', '17120d02-6ab5-3e43-18cb-66948daf6128', 'Executive', 'Information Technology', '3b86d2ed-446c-5fce-56be-406293204378', 'Furniture', 'Automotive', '2022-01-01 00:35:58', 200000, 15, 0.0000, 0.7, 2026, 6, '2022-01-01 00:35:58', False, 'tvTam', '2023-03-21 16:19:59', 'tvtam', '2023-04-23 15:26:58', '[{"codeSource":"NST","costValue":100000},{"codeSource":"NSH","costValue":100000}]'),
('505040e4-5c30-5e23-0275-9471face0ab4', 'TS226', 'XiaomiN', '1cbeaf2b-59af-1d1b-4180-3a2297d01534', 'Global Space Research Group', 'East Materials Corporation', '768f8e64-7d10-20c9-967d-e8c757976496', 'Finance', 'Marketing', '3700cc49-55b5-69ea-4929-a2925c0f334d', 'Crafts', 'Health', '2022-11-14 23:22:23', 200000, 4, 0.0000, 0.3, 2008, 5, '2022-11-14 23:22:23', False, 'tvTam', '2023-03-21 15:57:01', 'tvtam', '2023-04-23 15:26:58', '[{"codeSource":"NST","costValue":100000},{"codeSource":"NSH","costValue":100000}]'),
('527e8338-572e-1c59-e929-16c01537719a', 'TS074', 'IphoneJ', '4b7e1819-5124-575e-4471-153b37881afe', 'Canadian Space Research Corp.', 'North Systems Corp.', '142cb08f-7c31-21fa-8e90-67245e8b283e', 'Human Resources', 'Executive', '3700cc49-55b5-69ea-4929-a2925c0f334d', 'Shoes', 'Accessories', '2022-10-12 23:27:36', 200000, 5, 0.0000, 0.3, 2007, 7, '2022-10-12 23:27:36', False, 'tvTam', '2023-03-21 00:15:28', 'tvtam', '2023-04-23 15:26:58', '[{"codeSource":"NST","costValue":100000},{"codeSource":"NSH","costValue":100000}]'),
('5285286f-749f-52c2-8bc3-d3ede7a72094', 'TS971', 'XiaomiK', '2bd742e7-2f5a-3eae-241e-21c6d80fbd76', 'Federal Fossil Fuel Power Co.', 'Smart Devices Co.', '7686595d-16d5-33b3-0080-e8e2a817c80e', 'Manufacturing', 'Finance', '3700cc49-55b5-69ea-4929-a2925c0f334d', 'Electronics', 'Music', '2022-10-08 16:41:57', 200000, 16, 0.0000, 0.6, 2009, 10, '2022-10-08 16:41:57', False, 'tvTam', '2023-03-21 00:16:29', 'tvtam', '2023-04-23 15:26:58', '[{"codeSource":"NST","costValue":100000},{"codeSource":"NSH","costValue":100000}]'),
('5474091f-377b-4ca4-daf8-494a84b910f4', 'TS716', 'VivoX\r\n', '50522257-25e3-5395-4a69-9f77bda75690', 'Special Goods Corporation', 'Australian Data Corp.', '469b3ece-744a-45d5-957d-e8c757976496', 'Executive', 'Sales', '354f1b13-17bf-1b52-87d5-ba100c6f7bce', 'Tools', 'Games', '2022-08-16 05:22:20', 200000, 13, 0.0000, 0.2, 2016, 2, '2022-08-16 05:22:20', False, 'tvTam', '2023-03-21 13:17:07', 'tvtam', '2023-04-23 15:26:58', '[{"codeSource":"NST","costValue":100000},{"codeSource":"NSH","costValue":100000}]'),
('54a11339-4527-4d4c-ccc7-6c0aeb6ec302', 'TS588', 'OppoY', '16fc94ab-327e-4d3a-3995-2c566fa88632', 'Beyond Trust Co.', 'General High-Technologies Group', '17120d02-6ab5-3e43-18cb-66948daf6128', 'Executive', 'Information Technology', '3b86d2ed-446c-5fce-56be-406293204378', 'Pets', 'Accessories', '2022-12-16 14:34:14', 200000, 3, 0.0000, 0.2, 2028, 2, '2022-12-16 14:34:14', False, 'tvTam', '2023-03-21 00:14:48', 'tvtam', '2023-04-23 15:26:58', '[{"codeSource":"NST","costValue":100000},{"codeSource":"NSH","costValue":100000}]'),
('54b663bd-1ea7-5260-f0dc-845b5dcdad45', 'TS554', 'Vivo2\r\n', '6acf37bb-5f8e-320e-3969-9f77bda75690', 'WorldWide J-Mobile Inc.', 'Australian High-Technologies Group', '4e272fc4-7875-78d6-7d32-6a1673ffca7c', 'Finance', 'Customer Support', '3b86d2ed-446c-5fce-56be-406293204378', 'Sports', 'Automotive', '2022-10-24 13:25:36', 200000, 3, 0.0000, 0.4, 2007, 10, '2022-10-24 13:25:36', False, 'tvTam', '2023-03-21 00:08:52', 'tvtam', '2023-04-23 15:26:58', '[{"codeSource":"NST","costValue":100000},{"codeSource":"NSH","costValue":100000}]'),
('561ad598-531e-624c-c1ad-cb989f2177da', 'TS421', 'VivoN\r\n', '40126657-4b7d-4f24-ef69-4afe230d73a5', 'Professional Space Explore Co.', 'First Business Group', '7686595d-16d5-33b3-0080-e8e2a817c80e', 'Finance', 'Customer Support', '3700cc49-55b5-69ea-4929-a2925c0f334d', 'Books', 'Crafts', '2022-01-05 06:20:25', 200000, 13, 0.0000, 0.8, 2022, 2, '2022-01-05 06:20:25', False, 'tvTam', '2023-03-21 23:18:18', 'tvtam', '2023-04-23 15:26:58', '[{"codeSource":"NST","costValue":100000},{"codeSource":"NSH","costValue":100000}]'),
('5626a583-2f8f-4518-e229-16c01537719a', 'TS043', 'Oppo2', '3c39055f-64c2-11b9-f7b4-c8af08a50cbf', 'Advanced Trust Group', 'Home R-Mobile Inc.', '142cb08f-7c31-21fa-8e90-67245e8b283e', 'Information Technology', 'Customer Support', '25c6c36e-1668-7d10-6e09-bf1378b8dc91', 'Home', 'Crafts', '2022-09-21 23:04:22', 200000, 15, 0.0000, 0.2, 2006, 6, '2022-09-21 23:04:22', False, 'tvTam', '2023-03-21 00:12:43', 'tvtam', '2023-04-23 15:26:58', '[{"codeSource":"NST","costValue":100000},{"codeSource":"NSH","costValue":100000}]'),
('567d72e5-316e-656f-c3ad-cb989f2177da', 'TS072', 'IphoneK', '60c19bd8-18cd-7072-4c95-2c566fa88632', 'Beyond Instruments Group', 'Pacific E-Mobile Group', '7686595d-16d5-33b3-0080-e8e2a817c80e', 'Research and Development', 'Operations', '6b47b37f-3123-3ce7-14cf-9712082ff6cb', 'Electronics', 'Outdoors', '2022-07-20 22:32:45', 200000, 3, 0.0000, 0.8, 2012, 8, '2022-07-20 22:32:45', False, 'tvTam', '2023-03-21 16:05:12', 'tvtam', '2023-04-23 15:26:58', '[{"codeSource":"NST","costValue":100000},{"codeSource":"NSH","costValue":100000}]'),
('57af91ab-778e-6204-ea12-ebbbcf065d1c', 'TS606', 'XiaomiZ', '53825d30-3188-380d-01b5-c8af08a50cbf', 'Federal R-Mobile Group', 'International Investment Corporation', '142cb08f-7c31-21fa-8e90-67245e8b283e', 'Sales', 'Finance', '3b86d2ed-446c-5fce-56be-406293204378', 'Gifts', 'Sports', '2022-03-23 20:06:41', 200000, 2, 0.0000, 0.6, 2011, 9, '2022-03-23 20:06:41', False, 'tvTam', '2023-03-21 16:48:37', 'tvtam', '2023-04-23 15:26:58', '[{"codeSource":"NST","costValue":100000},{"codeSource":"NSH","costValue":100000}]'),
('580db6bb-3f72-4f01-fa29-16c01537719a', 'TS111', 'XiaomiW', '43c88cad-5cd2-77cf-6acb-b8d37b68af4d', 'Canadian High-Technologies Inc.', 'United Security Corp.', '7686595d-16d5-33b3-0080-e8e2a817c80e', 'Sales', 'Finance', '6b47b37f-3123-3ce7-14cf-9712082ff6cb', 'Office', 'Audible', '2022-01-01 00:00:06', 200000, 13, 0.0000, 0.3, 2006, 8, '2022-01-01 00:00:06', False, 'tvTam', '2023-03-21 11:54:51', 'tvtam', '2023-04-23 15:26:58', '[{"codeSource":"NST","costValue":100000},{"codeSource":"NSH","costValue":100000}]'),
('5835bc5a-49a5-3026-86c3-d3ede7a72094', 'TS154', 'SamSungG', '5c9053fa-24e2-218e-e169-4afe230d73a5', 'Flexible Travel Co.', 'Smart K-Mobile Inc.', '17120d02-6ab5-3e43-18cb-66948daf6128', 'Executive', 'Marketing', '1b691e79-236d-5b5a-9d20-39c2f00615e8', 'Toys', 'Computers', '2022-01-13 05:39:45', 200000, 9, 0.0000, 0.5, 2007, 5, '2022-01-13 05:39:45', False, 'tvTam', '2023-03-21 00:05:05', 'tvtam', '2023-04-23 15:26:58', '[{"codeSource":"NST","costValue":100000},{"codeSource":"NSH","costValue":100000}]'),
('58452b3e-773c-3047-7478-553c0310877a', 'TS008', 'Iphone1', '5cf37f24-5c9d-49a9-4371-153b37881afe', 'United High-Technologies Corporation', 'Creative Space Research Co.', '768f8e64-7d10-20c9-967d-e8c757976496', 'Finance', 'Consulting', '1b691e79-236d-5b5a-9d20-39c2f00615e8', 'Patio', 'Computers', '2023-02-17 19:54:07', 200000, 13, 0.0000, 0.3, 2018, 4, '2023-02-17 19:54:07', False, 'tvTam', '2023-03-21 21:37:17', 'tvtam', '2023-04-23 15:26:58', '[{"codeSource":"NST","costValue":100000},{"codeSource":"NSH","costValue":100000}]'),
('58d93d2d-459f-3b90-f8dc-845b5dcdad45', 'TS927', 'CellphoneX', '3692cf55-532c-7ff8-05b5-c8af08a50cbf', 'Professional Materials Group', 'Special High-Technologies Corp.', '4e272fc4-7875-78d6-7d32-6a1673ffca7c', 'Manufacturing', 'Research and Development', '3700cc49-55b5-69ea-4929-a2925c0f334d', 'Beauty', 'Toys', '2022-03-31 06:26:14', 200000, 15, 0.0000, 0.8, 2008, 10, '2022-03-31 06:26:14', False, 'tvTam', '2023-03-21 07:34:19', 'tvtam', '2023-04-23 15:26:58', '[{"codeSource":"NST","costValue":100000},{"codeSource":"NSH","costValue":100000}]'),
('5a3c618c-5468-42dd-7678-553c0310877a', 'TS894', 'Nokia1', '21ca0184-62c4-65e3-e869-4afe230d73a5', 'Federal High-Technologies Corporation', 'Australian A-Mobile Inc.', '11452b0c-768e-5ff7-0d63-eeb1d8ed8cef', 'Information Technology', 'Finance', '6b47b37f-3123-3ce7-14cf-9712082ff6cb', 'Pets', 'Music', '2022-06-04 16:18:58', 200000, 18, 0.0000, 0.7, 2007, 7, '2022-06-04 16:18:58', False, 'tvTam', '2023-03-21 09:26:59', 'tvtam', '2023-04-23 15:26:58', '[{"codeSource":"NST","costValue":100000},{"codeSource":"NSH","costValue":100000}]'),
('5a6d957e-29e7-4a12-84c3-d3ede7a72094', 'TS221', 'Oppo8', '724a3873-137c-6563-3a95-2c566fa88632', 'Advanced J-Mobile Group', 'East Space Research Group', '768f8e64-7d10-20c9-967d-e8c757976496', 'Customer Support', 'Research and Development', '148ed882-32b8-218e-9c20-39c2f00615e8', 'Beauty', 'Books', '2022-08-08 07:41:53', 200000, 19, 0.0000, 0.5, 2017, 2, '2022-08-08 07:41:53', False, 'tvTam', '2023-03-21 15:57:43', 'tvtam', '2023-04-23 15:26:58', '[{"codeSource":"NST","costValue":100000},{"codeSource":"NSH","costValue":100000}]'),
('5c27ebea-624b-14f2-d8c7-6c0aeb6ec302', 'TS966', 'OppoX', '6ea7e92e-1122-2523-4c71-153b37881afe', 'International Space Research Group', 'United Space Research Group', '17120d02-6ab5-3e43-18cb-66948daf6128', 'Research and Development', 'Finance', '6b47b37f-3123-3ce7-14cf-9712082ff6cb', 'Pets', 'Office', '2022-02-24 20:28:14', 200000, 3, 0.0000, 0.3, 2006, 2, '2022-02-24 20:28:14', False, 'tvTam', '2023-03-21 00:00:04', 'tvtam', '2023-04-23 15:26:58', '[{"codeSource":"NST","costValue":100000},{"codeSource":"NSH","costValue":100000}]'),
('5cdf3d20-7ceb-6ff6-89c3-d3ede7a72094', 'TS285', 'Xiaomi2', '77f9db4f-5327-23f3-2b26-978952f080e4', 'United Space Research Corporation', 'First Natural Gas Energy Group', '7686595d-16d5-33b3-0080-e8e2a817c80e', 'Customer Support', 'Manufacturing', '1b691e79-236d-5b5a-9d20-39c2f00615e8', 'Baby', 'Tools', '2022-04-05 21:30:49', 200000, 16, 0.0000, 0.5, 2014, 5, '2022-04-05 21:30:49', False, 'tvTam', '2023-03-21 09:26:04', 'tvtam', '2023-04-23 15:26:58', '[{"codeSource":"NST","costValue":100000},{"codeSource":"NSH","costValue":100000}]'),
('5d06e620-686b-756b-dfc7-6c0aeb6ec302', 'TS962', 'Redmi5', '37d8d494-1925-3b91-351e-21c6d80fbd76', 'Canadian Instruments Inc.', 'Australian Delivery Corporation', '4577565a-7e3e-493a-74dd-867949feb8b5', 'Consulting', 'Operations', '148ed882-32b8-218e-9c20-39c2f00615e8', 'Crafts', 'Books', '2022-02-20 16:07:38', 200000, 13, 0.0000, 0.8, 2009, 9, '2022-02-20 16:07:38', False, 'tvTam', '2023-03-21 00:00:07', 'tvtam', '2023-04-23 15:26:58', '[{"codeSource":"NST","costValue":100000},{"codeSource":"NSH","costValue":100000}]'),
('5e012159-7981-6022-b9ad-cb989f2177da', 'TS526', 'Vivo0\r\n', '122a77f9-5685-12de-4080-3a2297d01534', 'Flexible High-Technologies Inc.', 'Home Mining Group', '4e272fc4-7875-78d6-7d32-6a1673ffca7c', 'Customer Support', 'Executive', '6b47b37f-3123-3ce7-14cf-9712082ff6cb', 'Beauty', 'Health', '2022-03-18 02:05:14', 200000, 19, 0.0000, 0.1, 2006, 4, '2022-03-18 02:05:14', False, 'tvTam', '2023-03-21 00:01:40', 'tvtam', '2023-04-23 15:26:58', '[{"codeSource":"NST","costValue":100000},{"codeSource":"NSH","costValue":100000}]'),
('5e5dc6db-7f44-1994-7f78-553c0310877a', 'TS135', 'OppoO', '3a98e1df-6a4c-4f78-4b80-3a2297d01534', 'Canadian Foods Group', 'Future Space Explore Corp.', '4577565a-7e3e-493a-74dd-867949feb8b5', 'Human Resources', 'Information Technology', '1b691e79-236d-5b5a-9d20-39c2f00615e8', 'Toys', 'Audible', '2022-03-06 08:15:37', 200000, 17, 0.0000, 0.2, 2020, 7, '2022-03-06 08:15:37', False, 'tvTam', '2023-03-21 20:05:58', 'tvtam', '2023-04-23 15:26:58', '[{"codeSource":"NST","costValue":100000},{"codeSource":"NSH","costValue":100000}]'),
('5e80a452-2a94-3680-cec7-6c0aeb6ec302', 'TS431', 'IphoneG', '6d3b9bea-50e2-3fe2-3d95-2c566fa88632', 'Global High-Technologies Corporation', 'Future Security Corporation', '469b3ece-744a-45d5-957d-e8c757976496', 'Human Resources', 'Executive', '354f1b13-17bf-1b52-87d5-ba100c6f7bce', 'Clothing', 'Gifts', '2022-01-01 00:15:57', 200000, 9, 0.0000, 0.8, 2019, 10, '2022-01-01 00:15:57', False, 'tvTam', '2023-03-21 18:36:26', 'tvtam', '2023-04-23 15:26:58', '[{"codeSource":"NST","costValue":100000},{"codeSource":"NSH","costValue":100000}]'),
('5f04e849-7a18-6593-1528-030d4265475f', 'TS386', 'NokiaW', '66fb5b5d-32d2-7187-4b71-153b37881afe', 'Domestic Telecommunications Corporation', 'Home Materials Group', '4577565a-7e3e-493a-74dd-867949feb8b5', 'Executive', 'Executive', '148ed882-32b8-218e-9c20-39c2f00615e8', 'Home', 'Health', '2022-02-14 06:04:52', 200000, 13, 0.0000, 0.4, 2023, 7, '2022-02-14 06:04:52', False, 'tvTam', '2023-03-21 22:20:20', 'tvtam', '2023-04-23 15:26:58', '[{"codeSource":"NST","costValue":100000},{"codeSource":"NSH","costValue":100000}]'),
('5f620c85-55d9-7632-6a78-553c0310877a', 'TS147', 'Cellphone2', '536f0d7b-6fd5-2bb9-52cb-b8d37b68af4d', 'Professional Electricity Corporation', 'Australian Space Explore Corp.', '4577565a-7e3e-493a-74dd-867949feb8b5', 'Operations', 'Finance', '25c6c36e-1668-7d10-6e09-bf1378b8dc91', 'Toys', 'Movies', '2022-01-01 17:16:12', 200000, 19, 0.0000, 0.4, 2023, 6, '2022-01-01 17:16:12', False, 'tvTam', '2023-03-21 06:48:23', 'tvtam', '2023-04-23 15:26:58', '[{"codeSource":"NST","costValue":100000},{"codeSource":"NSH","costValue":100000}]'),
('60d6d0f4-4a25-5634-f412-ebbbcf065d1c', 'TS266', 'Xiaomi5', '6855d223-4254-63f2-3826-978952f080e4', 'General Transportation Corporation', 'International V-Mobile Corporation', '4e272fc4-7875-78d6-7d32-6a1673ffca7c', 'Research and Development', 'Executive', '3700cc49-55b5-69ea-4929-a2925c0f334d', 'Crafts', 'Electronics', '2022-07-07 12:26:16', 200000, 6, 0.0000, 0.8, 2011, 9, '2022-07-07 12:26:16', False, 'tvTam', '2023-03-21 00:01:20', 'tvtam', '2023-04-23 15:26:58', '[{"codeSource":"NST","costValue":100000},{"codeSource":"NSH","costValue":100000}]'),
('616b4521-3576-5c0c-7278-553c0310877a', 'TS662', 'Oppo0', '6558b3ce-3021-5467-4295-2c566fa88632', 'Smart Equipment Group', 'Flexible Transport Corporation', '11452b0c-768e-5ff7-0d63-eeb1d8ed8cef', 'Finance', 'Sales', '3700cc49-55b5-69ea-4929-a2925c0f334d', 'Electronics', 'Baby', '2023-01-22 06:55:21', 200000, 2, 0.0000, 0.2, 2016, 7, '2023-01-22 06:55:21', False, 'tvTam', '2023-03-21 00:00:02', 'tvtam', '2023-04-23 15:26:58', '[{"codeSource":"NST","costValue":100000},{"codeSource":"NSH","costValue":100000}]'),
('62452262-64e1-492b-0728-030d4265475f', 'TS182', 'VivoS\r\n', '6d5cc407-7288-2823-55cb-b8d37b68af4d', 'WorldWide Space Research Group', 'Canadian D-Mobile Group', '11452b0c-768e-5ff7-0d63-eeb1d8ed8cef', 'Research and Development', 'Executive', '6b47b37f-3123-3ce7-14cf-9712082ff6cb', 'Tools', 'Automotive', '2023-02-08 21:29:17', 200000, 9, 0.0000, 0.4, 2009, 2, '2023-02-08 21:29:17', False, 'tvTam', '2023-03-21 03:03:58', 'tvtam', '2023-04-23 15:26:58', '[{"codeSource":"NST","costValue":100000},{"codeSource":"NSH","costValue":100000}]'),
('62879e64-4a61-5e81-dbf8-494a84b910f4', 'TS652', 'CellphoneB', '4ec58507-41c2-231a-5171-153b37881afe', 'Domestic X-Mobile Corp.', 'Home Instruments Inc.', '4577565a-7e3e-493a-74dd-867949feb8b5', 'Information Technology', 'Sales', '3700cc49-55b5-69ea-4929-a2925c0f334d', 'Electronics', 'Books', '2022-08-24 17:35:19', 200000, 7, 0.0000, 0.8, 2009, 4, '2022-08-24 17:35:19', False, 'tvTam', '2023-03-21 01:01:03', 'tvtam', '2023-04-23 15:26:58', '[{"codeSource":"NST","costValue":100000},{"codeSource":"NSH","costValue":100000}]'),
('62d61651-4f5a-5e09-f5dc-845b5dcdad45', 'TS404', 'SamSung6', '7836ad8f-67e8-4309-00b5-c8af08a50cbf', 'Creative Travel Corporation', 'First Research Group', '4e272fc4-7875-78d6-7d32-6a1673ffca7c', 'Research and Development', 'Information Technology', '3700cc49-55b5-69ea-4929-a2925c0f334d', 'Garden', 'Gifts', '2022-07-02 05:51:49', 200000, 1, 0.0000, 0.2, 2023, 6, '2022-07-02 05:51:49', False, 'tvTam', '2023-03-21 07:57:44', 'tvtam', '2023-04-23 15:26:58', '[{"codeSource":"NST","costValue":100000},{"codeSource":"NSH","costValue":100000}]'),
('63a7395a-5e8d-43da-1b28-030d4265475f', 'TS934', 'VivoW\r\n', '56f27390-4993-5232-341e-21c6d80fbd76', 'Federal Foods Group', 'Federal Cars Battery Inc.', '17120d02-6ab5-3e43-18cb-66948daf6128', 'Human Resources', 'Research and Development', '3700cc49-55b5-69ea-4929-a2925c0f334d', 'Patio', 'Beauty', '2022-06-08 22:30:37', 200000, 18, 0.0000, 0.2, 2015, 7, '2022-06-08 22:30:37', False, 'tvTam', '2023-03-21 22:33:18', 'tvtam', '2023-04-23 15:26:58', '[{"codeSource":"NST","costValue":100000},{"codeSource":"NSH","costValue":100000}]'),
('64982a26-5d67-270d-b5ad-cb989f2177da', 'TS713', 'VivoB\r\n', '64a92470-6127-1432-211e-21c6d80fbd76', 'Australian Space Research Co.', 'East D-Mobile Group', '4e272fc4-7875-78d6-7d32-6a1673ffca7c', 'Information Technology', 'Executive', '354f1b13-17bf-1b52-87d5-ba100c6f7bce', 'Computers', 'Clothing', '2022-06-21 04:47:50', 200000, 18, 0.0000, 0.4, 2006, 8, '2022-06-21 04:47:50', False, 'tvTam', '2023-03-21 11:45:51', 'tvtam', '2023-04-23 15:26:58', '[{"codeSource":"NST","costValue":100000},{"codeSource":"NSH","costValue":100000}]'),
('653ead43-3bd1-635c-96c3-d3ede7a72094', 'TS436', 'OppoE', '1c796922-28e7-2ed2-4980-3a2297d01534', 'Canadian J-Mobile Corporation', 'Global High-Technologies Inc.', '17120d02-6ab5-3e43-18cb-66948daf6128', 'Information Technology', 'Finance', '3700cc49-55b5-69ea-4929-a2925c0f334d', 'Furniture', 'Food', '2022-09-11 21:30:37', 200000, 8, 0.0000, 0.2, 2028, 8, '2022-09-11 21:30:37', False, 'tvTam', '2023-03-21 02:06:49', 'tvtam', '2023-04-23 15:26:58', '[{"codeSource":"NST","costValue":100000},{"codeSource":"NSH","costValue":100000}]'),
('656ab233-15cb-5668-f112-ebbbcf065d1c', 'TS607', 'Vivo6\r\n', '7cb1ec7e-2c13-2c77-f069-4afe230d73a5', 'Pacific Space Explore Group', 'North Systems Co.', '17120d02-6ab5-3e43-18cb-66948daf6128', 'Research and Development', 'Operations', '148ed882-32b8-218e-9c20-39c2f00615e8', 'Pharmacy', 'Furniture', '2022-03-03 16:53:14', 200000, 6, 0.0000, 0.7, 2021, 7, '2022-03-03 16:53:14', False, 'tvTam', '2023-03-21 19:35:06', 'tvtam', '2023-04-23 15:26:58', '[{"codeSource":"NST","costValue":100000},{"codeSource":"NSH","costValue":100000}]'),
('65d98e75-6860-2a23-1575-9471face0ab4', 'TS519', 'OppoD', '657b1d3f-5184-3abf-3f26-978952f080e4', 'International Materials Co.', 'Special Space Explore Inc.', '4577565a-7e3e-493a-74dd-867949feb8b5', 'Finance', 'Finance', '1b691e79-236d-5b5a-9d20-39c2f00615e8', 'Pharmacy', 'Food', '2022-01-01 00:10:59', 200000, 12, 0.0000, 0.7, 2008, 8, '2022-01-01 00:10:59', False, 'tvTam', '2023-03-21 01:42:51', 'tvtam', '2023-04-23 15:26:58', '[{"codeSource":"NST","costValue":100000},{"codeSource":"NSH","costValue":100000}]'),
('66e38192-5ae2-191d-8fc3-d3ede7a72094', 'TS825', 'NokiaL', '59f36647-40aa-4f17-4495-2c566fa88632', 'South Entertainment Corporation', 'Special Z-Mobile Inc.', '11452b0c-768e-5ff7-0d63-eeb1d8ed8cef', 'Manufacturing', 'Information Technology', '3700cc49-55b5-69ea-4929-a2925c0f334d', 'Garden', 'Accessories', '2022-09-28 07:05:23', 200000, 19, 0.0000, 0.3, 2006, 8, '2022-09-28 07:05:23', False, 'tvTam', '2023-03-21 06:12:51', 'tvtam', '2023-04-23 15:26:58', '[{"codeSource":"NST","costValue":100000},{"codeSource":"NSH","costValue":100000}]'),
('671ca495-4b21-2358-fadc-845b5dcdad45', 'TS242', 'Xiaomi6', '1c7c724a-5119-2f8a-3326-978952f080e4', 'American Space Research Group', 'American T-Mobile Inc.', '11452b0c-768e-5ff7-0d63-eeb1d8ed8cef', 'Research and Development', 'Finance', '1b691e79-236d-5b5a-9d20-39c2f00615e8', 'Audible', 'Accessories', '2022-01-01 00:01:31', 200000, 3, 0.0000, 0.2, 2016, 9, '2022-01-01 00:01:31', False, 'tvTam', '2023-03-21 17:43:45', 'tvtam', '2023-04-23 15:26:58', '[{"codeSource":"NST","costValue":100000},{"codeSource":"NSH","costValue":100000}]'),
('6721745b-4f75-33ec-0d75-9471face0ab4', 'TS922', 'SamSungD', '2c703b46-66ea-1ce4-65cb-b8d37b68af4d', 'Australian Systems Corporation', 'Smart Space Research Co.', '4577565a-7e3e-493a-74dd-867949feb8b5', 'Consulting', 'Manufacturing', '6b47b37f-3123-3ce7-14cf-9712082ff6cb', 'Jewelry', 'Games', '2022-07-19 12:43:04', 200000, 18, 0.0000, 0.4, 2009, 5, '2022-07-19 12:43:04', False, 'tvTam', '2023-03-21 16:05:48', 'tvtam', '2023-04-23 15:26:58', '[{"codeSource":"NST","costValue":100000},{"codeSource":"NSH","costValue":100000}]'),
('6743babc-319b-3256-7078-553c0310877a', 'TS957', 'OppoI', '4efb4721-715b-2d1c-264a-aea48a10ed18', 'General I-Mobile Group', 'Western R-Mobile Inc.', '7686595d-16d5-33b3-0080-e8e2a817c80e', 'Information Technology', 'Marketing', '148ed882-32b8-218e-9c20-39c2f00615e8', 'Clothing', 'Health', '2022-07-30 13:02:14', 200000, 18, 0.0000, 0.7, 2008, 7, '2022-07-30 13:02:14', False, 'tvTam', '2023-03-21 01:12:19', 'tvtam', '2023-04-23 15:26:58', '[{"codeSource":"NST","costValue":100000},{"codeSource":"NSH","costValue":100000}]'),
('67a4c95c-3e95-2ccb-d3f8-494a84b910f4', 'TS299', 'XiaomiS', '63412807-6715-7eb0-4680-3a2297d01534', 'Australian Protection Inc.', 'Australian Research Corporation', '11452b0c-768e-5ff7-0d63-eeb1d8ed8cef', 'Facilities', 'Manufacturing', '3700cc49-55b5-69ea-4929-a2925c0f334d', 'Crafts', 'Patio', '2022-01-01 00:00:54', 200000, 8, 0.0000, 0.6, 2014, 9, '2022-01-01 00:00:54', False, 'tvTam', '2023-03-21 14:45:38', 'tvtam', '2023-04-23 15:26:58', '[{"codeSource":"NST","costValue":100000},{"codeSource":"NSH","costValue":100000}]'),
('67d2e2b2-6db2-39a5-cdf8-494a84b910f4', 'TS423', 'NokiaZ', '38d0c8d3-7e6b-7ced-4095-2c566fa88632', 'International Management Corp.', 'Advanced Systems Group', '17120d02-6ab5-3e43-18cb-66948daf6128', 'Research and Development', 'Sales', '6b47b37f-3123-3ce7-14cf-9712082ff6cb', 'Garden', 'Health', '2022-04-21 02:07:23', 200000, 3, 0.0000, 0.7, 2011, 6, '2022-04-21 02:07:23', False, 'tvTam', '2023-03-21 08:44:44', 'tvtam', '2023-04-23 15:26:58', '[{"codeSource":"NST","costValue":100000},{"codeSource":"NSH","costValue":100000}]'),
('68299245-1769-51e3-8ac3-d3ede7a72094', 'TS004', 'OppoB', '285bb738-292a-40ac-e469-4afe230d73a5', 'Union Space Explore Group', 'General Cars Group', '17120d02-6ab5-3e43-18cb-66948daf6128', 'Executive', 'Executive', '1b691e79-236d-5b5a-9d20-39c2f00615e8', 'Garden', 'Electronics', '2023-02-22 23:05:43', 200000, 6, 0.0000, 0.1, 2025, 6, '2023-02-22 23:05:43', False, 'tvTam', '2023-03-21 00:00:01', 'tvtam', '2023-04-23 15:26:58', '[{"codeSource":"NST","costValue":100000},{"codeSource":"NSH","costValue":100000}]'),
('6839d45b-798a-173d-ea29-16c01537719a', 'TS260', 'Xiaomi9', '15759af0-326b-7ba8-261e-21c6d80fbd76', 'First Renewable Resources Corporation', 'First Green Power Inc.', '469b3ece-744a-45d5-957d-e8c757976496', 'Research and Development', 'Human Resources', '3b86d2ed-446c-5fce-56be-406293204378', 'Patio', 'Toys', '2022-07-06 15:05:37', 200000, 8, 0.0000, 0.5, 2018, 6, '2022-07-06 15:05:37', False, 'tvTam', '2023-03-21 20:04:36', 'tvtam', '2023-04-23 15:26:58', '[{"codeSource":"NST","costValue":100000},{"codeSource":"NSH","costValue":100000}]'),
('68ef6e0f-6b7c-3852-fddc-845b5dcdad45', 'TS930', 'SamSungU', '16d53221-7af9-67a4-60cb-b8d37b68af4d', 'Advanced Entertainment Co.', 'Global Trust Co.', '4e272fc4-7875-78d6-7d32-6a1673ffca7c', 'Research and Development', 'Operations', '354f1b13-17bf-1b52-87d5-ba100c6f7bce', 'Automotive', 'Tools', '2022-01-01 01:24:55', 200000, 17, 0.0000, 0.7, 2018, 7, '2022-01-01 01:24:55', False, 'tvTam', '2023-03-21 06:15:06', 'tvtam', '2023-04-23 15:26:58', '[{"codeSource":"NST","costValue":100000},{"codeSource":"NSH","costValue":100000}]'),
('6a33963c-255f-6c01-c6ad-cb989f2177da', 'TS313', 'NokiaE', '5250a75f-451d-44d2-3c26-978952f080e4', 'Canadian 5G Wireless Corporation', 'South Travel Corporation', '11452b0c-768e-5ff7-0d63-eeb1d8ed8cef', 'Information Technology', 'Research and Development', '354f1b13-17bf-1b52-87d5-ba100c6f7bce', 'Tools', 'Electronics', '2022-04-17 04:19:56', 200000, 20, 0.0000, 0.7, 2024, 4, '2022-04-17 04:19:56', False, 'tvTam', '2023-03-21 11:11:56', 'tvtam', '2023-04-23 15:26:58', '[{"codeSource":"NST","costValue":100000},{"codeSource":"NSH","costValue":100000}]'),
('6a58cf06-1936-53b7-ee29-16c01537719a', 'TS193', 'IphoneY', '4c977380-455d-69a3-ed69-4afe230d73a5', 'South Insurance Corp.', 'Union 2G Wireless Corp.', '142cb08f-7c31-21fa-8e90-67245e8b283e', 'Information Technology', 'Executive', '354f1b13-17bf-1b52-87d5-ba100c6f7bce', 'Pets', 'Computers', '2023-02-09 14:26:23', 200000, 10, 0.0000, 0.5, 2008, 10, '2023-02-09 14:26:23', False, 'tvTam', '2023-03-21 04:56:29', 'tvtam', '2023-04-23 15:26:58', '[{"codeSource":"NST","costValue":100000},{"codeSource":"NSH","costValue":100000}]'),
('6a6bc96a-3e58-3f52-dcc7-6c0aeb6ec302', 'TS177', 'CellphoneD', '20280f6e-1661-65a0-f269-4afe230d73a5', 'Canadian Mining Corporation', 'East Solar Resources Group', '4577565a-7e3e-493a-74dd-867949feb8b5', 'Marketing', 'Executive', '6b47b37f-3123-3ce7-14cf-9712082ff6cb', 'Games', 'Baby', '2022-01-01 00:14:11', 200000, 13, 0.0000, 0.7, 2026, 8, '2022-01-01 00:14:11', False, 'tvTam', '2023-03-21 22:16:01', 'tvtam', '2023-04-23 15:26:58', '[{"codeSource":"NST","costValue":100000},{"codeSource":"NSH","costValue":100000}]'),
('6b3609b8-3a01-429f-fbdc-845b5dcdad45', 'TS393', 'Redmi7', '17094ad4-2727-3253-06b5-c8af08a50cbf', 'Federal Entertainment Co.', 'Smart High-Technologies Group', '142cb08f-7c31-21fa-8e90-67245e8b283e', 'Information Technology', 'Customer Support', '148ed882-32b8-218e-9c20-39c2f00615e8', 'Tools', 'Patio', '2023-01-10 19:07:54', 200000, 3, 0.0000, 0.1, 2010, 9, '2023-01-10 19:07:54', False, 'tvTam', '2023-03-21 06:07:28', 'tvtam', '2023-04-23 15:26:58', '[{"codeSource":"NST","costValue":100000},{"codeSource":"NSH","costValue":100000}]'),
('6d4bded3-302d-12f2-00dd-845b5dcdad45', 'TS342', 'NokiaJ', '1205d8a3-1b9b-13e2-311e-21c6d80fbd76', 'Smart Space Explore Co.', 'Beyond Space Explore Inc.', '7686595d-16d5-33b3-0080-e8e2a817c80e', 'Consulting', 'Manufacturing', '25c6c36e-1668-7d10-6e09-bf1378b8dc91', 'Health', 'Beauty', '2023-03-16 12:26:14', 200000, 17, 0.0000, 0.3, 2023, 6, '2023-03-16 12:26:14', False, 'tvTam', '2023-03-21 08:42:47', 'tvtam', '2023-04-23 15:26:58', '[{"codeSource":"NST","costValue":100000},{"codeSource":"NSH","costValue":100000}]'),
('6dc6d8f1-405f-3798-0475-9471face0ab4', 'TS205', 'Iphone3', '41eda6ce-6226-1f89-02b5-c8af08a50cbf', 'Smart Electricity Corporation', 'Professional Nuclear Power Corp.', '17120d02-6ab5-3e43-18cb-66948daf6128', 'Research and Development', 'Information Technology', '354f1b13-17bf-1b52-87d5-ba100c6f7bce', 'Gifts', 'Automotive', '2022-04-22 23:55:53', 200000, 16, 0.0000, 0.5, 2016, 8, '2022-04-22 23:55:53', False, 'tvTam', '2023-03-21 08:24:40', 'tvtam', '2023-04-23 15:26:58', '[{"codeSource":"NST","costValue":100000},{"codeSource":"NSH","costValue":100000}]'),
('6e52efd1-769c-2ea0-eedc-845b5dcdad45', 'TS039', 'RedmiV', '2cca9dd5-1228-294d-3e71-153b37881afe', 'Pacific Cars Battery Corporation', 'American Space Explore Inc.', '7686595d-16d5-33b3-0080-e8e2a817c80e', 'Research and Development', 'Executive', '354f1b13-17bf-1b52-87d5-ba100c6f7bce', 'Health', 'Health', '2022-01-01 02:37:34', 200000, 7, 0.0000, 0.1, 2013, 4, '2022-01-01 02:37:34', False, 'tvTam', '2023-03-21 00:14:52', 'tvtam', '2023-04-23 15:26:58', '[{"codeSource":"NST","costValue":100000},{"codeSource":"NSH","costValue":100000}]'),
('6ebe3cc6-3df8-254c-98c3-d3ede7a72094', 'TS690', 'OppoP', '6f1d7ad9-5aa0-4a65-f169-4afe230d73a5', 'American Heating Corp.', 'WorldWide Natural Gas Resources Co.', '11452b0c-768e-5ff7-0d63-eeb1d8ed8cef', 'Executive', 'Facilities', '3700cc49-55b5-69ea-4929-a2925c0f334d', 'Audible', 'Accessories', '2022-09-15 07:56:21', 200000, 3, 0.0000, 0.3, 2013, 7, '2022-09-15 07:56:21', False, 'tvTam', '2023-03-21 19:37:35', 'tvtam', '2023-04-23 15:26:58', '[{"codeSource":"NST","costValue":100000},{"codeSource":"NSH","costValue":100000}]'),
('6eebf8fd-7f60-24c9-fedc-845b5dcdad45', 'TS211', 'OppoU', '40d04765-7f51-6e2c-304a-aea48a10ed18', 'Domestic Y-Mobile Co.', 'Future V-Mobile Corporation', '768f8e64-7d10-20c9-967d-e8c757976496', 'Executive', 'Human Resources', '354f1b13-17bf-1b52-87d5-ba100c6f7bce', 'Patio', 'Tools', '2022-11-15 05:04:41', 200000, 20, 0.0000, 0.2, 2009, 4, '2022-11-15 05:04:41', False, 'tvTam', '2023-03-21 00:00:42', 'tvtam', '2023-04-23 15:26:58', '[{"codeSource":"NST","costValue":100000},{"codeSource":"NSH","costValue":100000}]'),
('6ef1b88f-3199-4531-f6dc-845b5dcdad45', 'TS800', 'Iphone5', '73a7a5c9-47c2-34ab-5bcb-b8d37b68af4d', 'Canadian 4D Electronic Corp.', 'East Space Explore Inc.', '768f8e64-7d10-20c9-967d-e8c757976496', 'Executive', 'Finance', '1b691e79-236d-5b5a-9d20-39c2f00615e8', 'Clothing', 'Jewelry', '2022-01-01 00:00:49', 200000, 16, 0.0000, 0.2, 2029, 10, '2022-01-01 00:00:49', False, 'tvTam', '2023-03-21 02:44:16', 'tvtam', '2023-04-23 15:26:58', '[{"codeSource":"NST","costValue":100000},{"codeSource":"NSH","costValue":100000}]'),
('6efdd59f-6a51-5c23-e812-ebbbcf065d1c', 'TS172', 'Oppo3', '534b8747-70b5-36a6-58cb-b8d37b68af4d', 'Australian Space Research Corporation', 'City D-Mobile Corporation', '142cb08f-7c31-21fa-8e90-67245e8b283e', 'Research and Development', 'Consulting', '3700cc49-55b5-69ea-4929-a2925c0f334d', 'Music', 'Beauty', '2023-01-19 01:14:38', 200000, 7, 0.0000, 0.2, 2009, 4, '2023-01-19 01:14:38', False, 'tvTam', '2023-03-21 00:00:01', 'tvtam', '2023-04-23 15:26:58', '[{"codeSource":"NST","costValue":100000},{"codeSource":"NSH","costValue":100000}]'),
('6f597a95-d901-11ed-ab41-6c2b59ff60e6', 'TS1004', 'iphone 12s pro', NULL, NULL, NULL, '17120d02-6ab5-3e43-18cb-66948daf6128', 'PKH', 'Phòng Bảo Vệ ', '25c6c36e-1668-7d10-6e09-bf1378b8dc91', '8BT', 'Xiaomi\r\n', '2022-04-12 00:00:00', 200000, 2, 4109630.0000, 0.333, 2023, 3, '2022-04-12 00:00:00', False, 'TVanTam', '2023-04-12 14:12:50', 'tvtam', '2023-04-23 15:26:58', '[{"codeSource":"NST","costValue":100000},{"codeSource":"NSH","costValue":100000}]'),
('6f99dc5b-1c77-4b47-ec12-ebbbcf065d1c', 'TS926', 'Nokia2', '36eca2ff-234e-17df-04b5-c8af08a50cbf', 'Federal Data Co.', 'Professional High-Technologies Inc.', '469b3ece-744a-45d5-957d-e8c757976496', 'Executive', 'Sales', '6b47b37f-3123-3ce7-14cf-9712082ff6cb', 'Pharmacy', 'Music', '2022-09-16 16:49:03', 200000, 16, 0.0000, 0.1, 2008, 10, '2022-09-16 16:49:03', False, 'tvTam', '2023-03-21 05:34:24', 'tvtam', '2023-04-23 15:26:58', '[{"codeSource":"NST","costValue":100000},{"codeSource":"NSH","costValue":100000}]'),
('70e1a55a-1b5f-4f28-bfad-cb989f2177da', 'TS560', 'SamSungF', '5741caca-14bf-5256-3526-978952f080e4', 'Professional Space Explore Inc.', 'Pacific Equipment Group', '768f8e64-7d10-20c9-967d-e8c757976496', 'Customer Support', 'Consulting', '25c6c36e-1668-7d10-6e09-bf1378b8dc91', 'Music', 'Home', '2022-10-30 06:36:16', 200000, 17, 0.0000, 0.1, 2007, 5, '2022-10-30 06:36:16', False, 'tvTam', '2023-03-21 18:08:16', 'tvtam', '2023-04-23 15:26:58', '[{"codeSource":"NST","costValue":100000},{"codeSource":"NSH","costValue":100000}]'),
('71215bf9-5228-763e-e2c7-6c0aeb6ec302', 'TS327', 'VivoD\r\n', '1b6b0b4c-7320-6876-381e-21c6d80fbd76', 'International High-Technologies Inc.', 'Advanced Investment Corp.', '17120d02-6ab5-3e43-18cb-66948daf6128', 'Facilities', 'Customer Support', '148ed882-32b8-218e-9c20-39c2f00615e8', 'Tools', 'Tools', '2023-03-02 16:25:12', 200000, 1, 0.0000, 0.3, 2022, 9, '2023-03-02 16:25:12', False, 'tvTam', '2023-03-21 15:49:26', 'tvtam', '2023-04-23 15:26:58', '[{"codeSource":"NST","costValue":100000},{"codeSource":"NSH","costValue":100000}]'),
('7256e784-793a-380a-ff74-9471face0ab4', 'TS697', 'XiaomiR', '44edba69-403e-3174-4171-153b37881afe', 'West Space Research Corporation', 'Federal J-Mobile Co.', '469b3ece-744a-45d5-957d-e8c757976496', 'Research and Development', 'Facilities', '354f1b13-17bf-1b52-87d5-ba100c6f7bce', 'Computers', 'Music', '2022-01-01 00:01:09', 200000, 7, 0.0000, 0.8, 2024, 7, '2022-01-01 00:01:09', False, 'tvTam', '2023-03-21 00:09:31', 'tvtam', '2023-04-23 15:26:58', '[{"codeSource":"NST","costValue":100000},{"codeSource":"NSH","costValue":100000}]'),
('72620ea7-50bc-3a2b-04dd-845b5dcdad45', 'TS317', 'NokiaS', '6e75c05c-1a34-5a7e-371e-21c6d80fbd76', 'North Space Research Co.', 'First 3G Wireless Corporation', '469b3ece-744a-45d5-957d-e8c757976496', 'Consulting', 'Research and Development', '148ed882-32b8-218e-9c20-39c2f00615e8', 'Gifts', 'Crafts', '2022-01-01 00:00:53', 200000, 8, 0.0000, 0.3, 2017, 4, '2022-01-01 00:00:53', False, 'tvTam', '2023-03-21 07:06:09', 'tvtam', '2023-04-23 15:26:58', '[{"codeSource":"NST","costValue":100000},{"codeSource":"NSH","costValue":100000}]'),
('73140943-4bae-571a-97c3-d3ede7a72094', 'TS509', 'SamSungB', '6343a388-6766-3e1f-4e71-153b37881afe', 'Home Space Explore Group', 'South D-Mobile Group', '4e272fc4-7875-78d6-7d32-6a1673ffca7c', 'Research and Development', 'Information Technology', '3700cc49-55b5-69ea-4929-a2925c0f334d', 'Home', 'Crafts', '2022-08-19 17:31:54', 200000, 11, 0.0000, 0.6, 2006, 2, '2022-08-19 17:31:54', False, 'tvTam', '2023-03-21 00:00:08', 'tvtam', '2023-04-23 15:26:58', '[{"codeSource":"NST","costValue":100000},{"codeSource":"NSH","costValue":100000}]'),
('7346b282-5ff2-346b-c8ad-cb989f2177da', 'TS627', 'RedmiT', '283043e1-57ec-2136-4c69-9f77bda75690', 'Future Research Corporation', 'Smart Development Group', '4e272fc4-7875-78d6-7d32-6a1673ffca7c', 'Research and Development', 'Customer Support', '148ed882-32b8-218e-9c20-39c2f00615e8', 'Baby', 'Tools', '2022-01-01 00:00:09', 200000, 7, 0.0000, 0.3, 2007, 7, '2022-01-01 00:00:09', False, 'tvTam', '2023-03-21 10:35:55', 'tvtam', '2023-04-23 15:26:58', '[{"codeSource":"NST","costValue":100000},{"codeSource":"NSH","costValue":100000}]'),
('73f5c447-354e-3be5-ed12-ebbbcf065d1c', 'TS132', 'OppoQ', '4edaefbe-3a5b-7456-4771-153b37881afe', 'International Space Research Group', 'East High-Technologies Co.', '469b3ece-744a-45d5-957d-e8c757976496', 'Marketing', 'Information Technology', '354f1b13-17bf-1b52-87d5-ba100c6f7bce', 'Audible', 'Beauty', '2022-02-19 14:05:51', 200000, 14, 0.0000, 0.4, 2021, 7, '2022-02-19 14:05:51', False, 'tvTam', '2023-03-21 12:51:59', 'tvtam', '2023-04-23 15:26:58', '[{"codeSource":"NST","costValue":100000},{"codeSource":"NSH","costValue":100000}]'),
('741c3c43-7ffe-34d1-d9f8-494a84b910f4', 'TS006', 'RedmiO', '71400769-26cc-4898-344a-aea48a10ed18', 'North Space Explore Group', 'WorldWide U-Mobile Co.', '469b3ece-744a-45d5-957d-e8c757976496', 'Executive', 'Finance', '25c6c36e-1668-7d10-6e09-bf1378b8dc91', 'Home', 'Gifts', '2023-03-06 12:33:53', 200000, 18, 0.0000, 0.2, 2028, 7, '2023-03-06 12:33:53', False, 'tvTam', '2023-03-21 00:00:24', 'tvtam', '2023-04-23 15:26:58', '[{"codeSource":"NST","costValue":100000},{"codeSource":"NSH","costValue":100000}]'),
('7521d1ba-3c9c-4bf9-e912-ebbbcf065d1c', 'TS958', 'NokiaN', '42784277-1650-434a-251e-21c6d80fbd76', 'Advanced High-Technologies Corp.', 'United Space Research Inc.', '768f8e64-7d10-20c9-967d-e8c757976496', 'Facilities', 'Sales', '148ed882-32b8-218e-9c20-39c2f00615e8', 'Sports', 'Pets', '2022-01-01 00:00:03', 200000, 8, 0.0000, 0.8, 2006, 4, '2022-01-01 00:00:03', False, 'tvTam', '2023-03-21 08:12:37', 'tvtam', '2023-04-23 15:26:58', '[{"codeSource":"NST","costValue":100000},{"codeSource":"NSH","costValue":100000}]'),
('75f8b506-7bd1-5b84-8178-553c0310877a', 'TS419', 'OppoH', '2c8157c0-5a25-6a81-3926-978952f080e4', 'Federal Cars Inc.', 'Canadian Delivery Group', '7686595d-16d5-33b3-0080-e8e2a817c80e', 'Finance', 'Executive', '148ed882-32b8-218e-9c20-39c2f00615e8', 'Automotive', 'Toys', '2023-01-18 23:00:09', 200000, 14, 0.0000, 0.8, 2010, 10, '2023-01-18 23:00:09', False, 'tvTam', '2023-03-21 05:29:51', 'tvtam', '2023-04-23 15:26:58', '[{"codeSource":"NST","costValue":100000},{"codeSource":"NSH","costValue":100000}]'),
('7626ac78-3576-45d9-d8f8-494a84b910f4', 'TS407', 'CellphoneW', '18834b2f-1187-1ab1-0ab5-c8af08a50cbf', 'East Natural Gas Power Inc.', 'Professional Natural Gas Energy Group', '142cb08f-7c31-21fa-8e90-67245e8b283e', 'Executive', 'Information Technology', '354f1b13-17bf-1b52-87d5-ba100c6f7bce', 'Furniture', 'Pets', '2022-01-10 05:11:58', 200000, 13, 0.0000, 0.7, 2006, 10, '2022-01-10 05:11:58', False, 'tvTam', '2023-03-21 03:24:56', 'tvtam', '2023-04-23 15:26:58', '[{"codeSource":"NST","costValue":100000},{"codeSource":"NSH","costValue":100000}]'),
('76474116-7f8b-30fe-7a78-553c0310877a', 'TS150', 'OppoZ', '7d97531a-6272-7b2d-4569-9f77bda75690', 'Advanced Explore Group', 'Global Space Explore Corporation', '142cb08f-7c31-21fa-8e90-67245e8b283e', 'Executive', 'Information Technology', '3700cc49-55b5-69ea-4929-a2925c0f334d', 'Computers', 'Movies', '2022-01-01 00:16:14', 200000, 19, 0.0000, 0.1, 2013, 5, '2022-01-01 00:16:14', False, 'tvTam', '2023-03-21 22:59:16', 'tvtam', '2023-04-23 15:26:58', '[{"codeSource":"NST","costValue":100000},{"codeSource":"NSH","costValue":100000}]'),
('76a8af11-194b-5e74-7378-553c0310877a', 'TS361', 'RedmiK', '153ab8dd-24df-3392-e569-4afe230d73a5', 'North M-Mobile Corporation', 'Creative Broadcasting Inc.', '7686595d-16d5-33b3-0080-e8e2a817c80e', 'Research and Development', 'Consulting', '25c6c36e-1668-7d10-6e09-bf1378b8dc91', 'Computers', 'Audible', '2022-12-08 17:42:00', 200000, 5, 0.0000, 0.3, 2009, 7, '2022-12-08 17:42:00', False, 'tvTam', '2023-03-21 11:58:01', 'tvtam', '2023-04-23 15:26:58', '[{"codeSource":"NST","costValue":100000},{"codeSource":"NSH","costValue":100000}]'),
('76c31e9a-47f0-1ffb-91c3-d3ede7a72094', 'TS847', 'Vivo1\r\n', '3ec88e47-61f4-6fb5-281e-21c6d80fbd76', 'General Industry Inc.', 'Creative Space Explore Group', '4e272fc4-7875-78d6-7d32-6a1673ffca7c', 'Finance', 'Manufacturing', '354f1b13-17bf-1b52-87d5-ba100c6f7bce', 'Tools', 'Pets', '2022-03-24 04:59:31', 200000, 16, 0.0000, 0.8, 2026, 10, '2022-03-24 04:59:31', False, 'tvTam', '2023-03-21 21:37:22', 'tvtam', '2023-04-23 15:26:58', '[{"codeSource":"NST","costValue":100000},{"codeSource":"NSH","costValue":100000}]'),
('7748d729-74bf-3c52-ccf8-494a84b910f4', 'TS507', 'Nokia0', '2cf45a23-4a27-72fb-3f95-2c566fa88632', 'WorldWide K-Mobile Corporation', 'City Health Care Group', '17120d02-6ab5-3e43-18cb-66948daf6128', 'Operations', 'Executive', '25c6c36e-1668-7d10-6e09-bf1378b8dc91', 'Toys', 'Patio', '2022-01-01 00:01:24', 200000, 7, 0.0000, 0.3, 2025, 6, '2022-01-01 00:01:24', False, 'tvTam', '2023-03-21 06:06:22', 'tvtam', '2023-04-23 15:26:58', '[{"codeSource":"NST","costValue":100000},{"codeSource":"NSH","costValue":100000}]'),
('7842ec5a-73e5-162f-f529-16c01537719a', 'TS465', 'SamSungQ', '20e16f03-2b59-1c2c-321e-21c6d80fbd76', 'Smart G-Mobile Corp.', 'Home High-Technologies Corporation', '4e272fc4-7875-78d6-7d32-6a1673ffca7c', 'Information Technology', 'Research and Development', '3b86d2ed-446c-5fce-56be-406293204378', 'Jewelry', 'Crafts', '2022-02-18 04:44:43', 200000, 7, 0.0000, 0.4, 2025, 5, '2022-02-18 04:44:43', False, 'tvTam', '2023-03-21 00:10:41', 'tvtam', '2023-04-23 15:26:58', '[{"codeSource":"NST","costValue":100000},{"codeSource":"NSH","costValue":100000}]'),
('78d3e2b4-1c61-2d4c-f3dc-845b5dcdad45', 'TS482', 'OppoK', '63605f9a-664d-1c51-fcb4-c8af08a50cbf', 'Future Industry Group', 'Smart Space Research Inc.', '142cb08f-7c31-21fa-8e90-67245e8b283e', 'Finance', 'Information Technology', '3b86d2ed-446c-5fce-56be-406293204378', 'Home', 'Home', '2022-08-16 16:36:33', 200000, 19, 0.0000, 0.8, 2023, 10, '2022-08-16 16:36:33', False, 'tvTam', '2023-03-21 05:18:56', 'tvtam', '2023-04-23 15:26:58', '[{"codeSource":"NST","costValue":100000},{"codeSource":"NSH","costValue":100000}]'),
('7986aebd-295d-2a3d-d2f8-494a84b910f4', 'TS663', 'CellphoneA', '5ec345d1-7817-5558-ec69-4afe230d73a5', 'General High-Technologies Corporation', 'National Wave Power Inc.', '11452b0c-768e-5ff7-0d63-eeb1d8ed8cef', 'Finance', 'Consulting', '6b47b37f-3123-3ce7-14cf-9712082ff6cb', 'Accessories', 'Toys', '2022-11-14 05:53:43', 200000, 9, 0.0000, 0.4, 2008, 5, '2022-11-14 05:53:43', False, 'tvTam', '2023-03-21 02:25:22', 'tvtam', '2023-04-23 15:26:58', '[{"codeSource":"NST","costValue":100000},{"codeSource":"NSH","costValue":100000}]'),
('798b070b-1e95-26ec-f712-ebbbcf065d1c', 'TS514', 'VivoE\r\n', '46a3e3b4-6d35-6565-69cb-b8d37b68af4d', 'Flexible Space Explore Inc.', 'Special High-Technologies Co.', '469b3ece-744a-45d5-957d-e8c757976496', 'Executive', 'Executive', '6b47b37f-3123-3ce7-14cf-9712082ff6cb', 'Music', 'Sports', '2022-04-26 19:38:40', 200000, 5, 0.0000, 0.3, 2028, 5, '2022-04-26 19:38:40', False, 'tvTam', '2023-03-21 23:08:37', 'tvtam', '2023-04-23 15:26:58', '[{"codeSource":"NST","costValue":100000},{"codeSource":"NSH","costValue":100000}]'),
('79e2659b-1e78-7dc9-0528-030d4265475f', 'TS234', 'NokiaB', '7fc94edc-2827-7327-1f1e-21c6d80fbd76', 'Home Consulting Group', 'Smart Protection Corporation', '142cb08f-7c31-21fa-8e90-67245e8b283e', 'Operations', 'Information Technology', '25c6c36e-1668-7d10-6e09-bf1378b8dc91', 'Games', 'Toys', '2022-01-01 00:00:06', 200000, 1, 0.0000, 0.7, 2007, 7, '2022-01-01 00:00:06', False, 'tvTam', '2023-03-21 09:12:16', 'tvtam', '2023-04-23 15:26:58', '[{"codeSource":"NST","costValue":100000},{"codeSource":"NSH","costValue":100000}]'),
('7a0b757e-41eb-4df6-c6f8-494a84b910f4', 'TS424', 'Iphone4', '34bd2cef-5026-567c-3b71-153b37881afe', 'Beyond Renewable Energy Corporation', 'Canadian Media Co.', '469b3ece-744a-45d5-957d-e8c757976496', 'Research and Development', 'Executive', '148ed882-32b8-218e-9c20-39c2f00615e8', 'Accessories', 'Sports', '2023-03-11 10:39:16', 200000, 9, 0.0000, 0.6, 2008, 4, '2023-03-11 10:39:16', False, 'tvTam', '2023-03-21 00:00:09', 'tvtam', '2023-04-23 15:26:58', '[{"codeSource":"NST","costValue":100000},{"codeSource":"NSH","costValue":100000}]'),
('7a93b554-3c5a-19d7-03dd-845b5dcdad45', 'TS616', 'RedmiX', '7f474934-4618-4706-4d69-9f77bda75690', 'American Computers Group', 'First 3D Electronic Corporation', '4577565a-7e3e-493a-74dd-867949feb8b5', 'Sales', 'Sales', '25c6c36e-1668-7d10-6e09-bf1378b8dc91', 'Gifts', 'Outdoors', '2022-06-18 07:42:25', 200000, 3, 0.0000, 0.1, 2026, 9, '2022-06-18 07:42:25', False, 'tvTam', '2023-03-21 14:38:23', 'tvtam', '2023-04-23 15:26:58', '[{"codeSource":"NST","costValue":100000},{"codeSource":"NSH","costValue":100000}]'),
('7a9bac39-77ae-3c33-ddc7-6c0aeb6ec302', 'TS167', 'Redmi8', '3b1c4599-5271-2336-4969-9f77bda75690', 'Professional Z-Mobile Group', 'Australian High-Technologies Inc.', '7686595d-16d5-33b3-0080-e8e2a817c80e', 'Finance', 'Research and Development', '3700cc49-55b5-69ea-4929-a2925c0f334d', 'Outdoors', 'Pharmacy', '2022-03-09 15:17:25', 200000, 2, 0.0000, 0.4, 2015, 7, '2022-03-09 15:17:25', False, 'tvTam', '2023-03-21 22:47:52', 'tvtam', '2023-04-23 15:26:58', '[{"codeSource":"NST","costValue":100000},{"codeSource":"NSH","costValue":100000}]'),
('7b01963d-2bc0-5b15-82c3-d3ede7a72094', 'TS806', 'Cellphone7', '2a3cacd6-1a30-6760-3769-9f77bda75690', 'North High-Technologies Corporation', 'Special High-Technologies Co.', '4e272fc4-7875-78d6-7d32-6a1673ffca7c', 'Information Technology', 'Finance', '3700cc49-55b5-69ea-4929-a2925c0f334d', 'Patio', 'Food', '2022-08-30 20:25:15', 200000, 12, 0.0000, 0.7, 2023, 4, '2022-08-30 20:25:15', False, 'tvTam', '2023-03-21 10:23:22', 'tvtam', '2023-04-23 15:26:58', '[{"codeSource":"NST","costValue":100000},{"codeSource":"NSH","costValue":100000}]'),
('7b267461-166f-3a9e-def8-494a84b910f4', 'TS912', 'SamSungT', '52205e16-43a2-7b5b-364a-aea48a10ed18', 'Australian Security Inc.', 'Global High-Technologies Co.', '4577565a-7e3e-493a-74dd-867949feb8b5', 'Information Technology', 'Consulting', '3700cc49-55b5-69ea-4929-a2925c0f334d', 'Movies', 'Music', '2022-01-01 00:01:20', 200000, 3, 0.0000, 0.3, 2008, 9, '2022-01-01 00:01:20', False, 'tvTam', '2023-03-21 02:18:45', 'tvtam', '2023-04-23 15:26:58', '[{"codeSource":"NST","costValue":100000},{"codeSource":"NSH","costValue":100000}]'),
('7b9c3016-2ff6-283a-0c28-030d4265475f', 'TS483', 'SamSung4', '1cd29b36-735e-4507-4395-2c566fa88632', 'Pacific Mobile Co.', 'Global D-Mobile Corporation', '17120d02-6ab5-3e43-18cb-66948daf6128', 'Executive', 'Consulting', '3700cc49-55b5-69ea-4929-a2925c0f334d', 'Books', 'Audible', '2022-01-01 00:00:45', 200000, 11, 0.0000, 0.2, 2018, 6, '2022-01-01 00:00:45', False, 'tvTam', '2023-03-21 14:53:40', 'tvtam', '2023-04-23 15:26:58', '[{"codeSource":"NST","costValue":100000},{"codeSource":"NSH","costValue":100000}]'),
('7bbf53aa-64df-57ca-f629-16c01537719a', 'TS879', 'IphoneS', '641d98f2-4b53-6016-3b26-978952f080e4', 'Global Space Explore Inc.', 'Advanced Entertainment Co.', '4e272fc4-7875-78d6-7d32-6a1673ffca7c', 'Finance', 'Information Technology', '25c6c36e-1668-7d10-6e09-bf1378b8dc91', 'Audible', 'Audible', '2023-03-07 17:43:47', 200000, 16, 0.0000, 0.1, 2008, 10, '2023-03-07 17:43:47', False, 'tvTam', '2023-03-21 10:03:45', 'tvtam', '2023-04-23 15:26:58', '[{"codeSource":"NST","costValue":100000},{"codeSource":"NSH","costValue":100000}]'),
('7d059f54-6028-5fac-baad-cb989f2177da', 'TS792', 'XiaomiA', '15b74345-3676-3005-feb4-c8af08a50cbf', 'South High-Technologies Co.', 'Domestic Optics Co.', '469b3ece-744a-45d5-957d-e8c757976496', 'Marketing', 'Research and Development', '1b691e79-236d-5b5a-9d20-39c2f00615e8', 'Toys', 'Pets', '2022-12-01 15:45:23', 200000, 10, 0.0000, 0.2, 2020, 9, '2022-12-01 15:45:23', False, 'tvTam', '2023-03-21 08:51:06', 'tvtam', '2023-04-23 15:26:58', '[{"codeSource":"NST","costValue":100000},{"codeSource":"NSH","costValue":100000}]'),
('7dcdc0cb-212f-604b-c7f8-494a84b910f4', 'TS106', 'Iphone9', '794ca02a-1314-6ec3-df69-4afe230d73a5', 'Advanced Management Inc.', 'Beyond High-Technologies Corporation', '768f8e64-7d10-20c9-967d-e8c757976496', 'Executive', 'Human Resources', '1b691e79-236d-5b5a-9d20-39c2f00615e8', 'Crafts', 'Beauty', '2022-01-01 02:05:18', 200000, 8, 0.0000, 0.8, 2015, 8, '2022-01-01 02:05:18', False, 'tvTam', '2023-03-21 00:00:03', 'tvtam', '2023-04-23 15:26:58', '[{"codeSource":"NST","costValue":100000},{"codeSource":"NSH","costValue":100000}]'),
('7e73697c-79be-7250-fe74-9471face0ab4', 'TS456', 'RedmiE', '13145f26-13f8-7f78-3e80-3a2297d01534', 'Pacific Business Corp.', 'Flexible 5G Wireless Inc.', '4577565a-7e3e-493a-74dd-867949feb8b5', 'Executive', 'Operations', '148ed882-32b8-218e-9c20-39c2f00615e8', 'Games', 'Books', '2022-01-01 00:16:16', 200000, 17, 0.0000, 0.2, 2012, 2, '2022-01-01 00:16:16', False, 'tvTam', '2023-03-21 00:00:39', 'tvtam', '2023-04-23 15:26:58', '[{"codeSource":"NST","costValue":100000},{"codeSource":"NSH","costValue":100000}]'),
('7e760549-7d28-2394-c8f8-494a84b910f4', 'TS244', 'Xiaomi1', '1ef50b1c-1203-7f02-3a80-3a2297d01534', 'Australian Entertainment Corporation', 'Domestic X-Mobile Corporation', '768f8e64-7d10-20c9-967d-e8c757976496', 'Human Resources', 'Executive', '3700cc49-55b5-69ea-4929-a2925c0f334d', 'Pharmacy', 'Beauty', '2023-01-05 17:19:11', 200000, 1, 0.0000, 0.1, 2019, 5, '2023-01-05 17:19:11', False, 'tvTam', '2023-03-21 00:00:05', 'tvtam', '2023-04-23 15:26:58', '[{"codeSource":"NST","costValue":100000},{"codeSource":"NSH","costValue":100000}]'),
('a4d9c182-d7ab-11ed-a169-6c2b59ff60e6', 'TS999', 'OppoR', NULL, NULL, NULL, '7686595d-16d5-33b3-0080-e8e2a817c80e', 'NVP', 'Phòng Nội Vụ', '354f1b13-17bf-1b52-87d5-ba100c6f7bce', '1BD', 'SamSung', '2022-09-18 00:00:00', 200000, 6, 19837.0000, 0.25, 2028, 4, '2022-09-18 00:00:00', False, 'TVanTam', '2023-04-10 21:25:49', 'tvtam', '2023-04-23 15:26:58', '[{"codeSource":"NST","costValue":100000},{"codeSource":"NSH","costValue":100000}]'),
('ebaec61e-d8d0-11ed-a23d-6c2b59ff60e6', 'TS1000', 'iphone 14 pro', NULL, NULL, NULL, '142cb08f-7c31-21fa-8e90-67245e8b283e', 'MKT\r\n', 'Phòng Thu Ngân', '1b691e79-236d-5b5a-9d20-39c2f00615e8', '1Q7', 'Oppo', '2022-04-12 00:00:00', 200000, 2, 154289.0000, 0.125, 2023, 8, '2022-04-12 00:00:00', False, 'TVanTam', '2023-04-12 08:25:19', 'tvtam', '2023-04-23 15:26:58', '[{"codeSource":"NST","costValue":100000},{"codeSource":"NSH","costValue":100000}]');

-- 
-- Dumping data for table cost_source
--
INSERT INTO cost_source VALUES
('0db59e3a-a258-40ef-a621-8bdb7df1c09c', 'NST', 'Ngân sách tỉnh'),
('496e4b90-7422-4ffb-a589-6d11068c8119', 'NSX', 'Ngân sách xã'),
('a9242f6d-cf3d-4304-aaa7-da826633171f', 'NSTU', 'Ngân sách trung ương'),
('d76fb525-9211-4488-8764-42addf9c5ef5', 'NSH', 'Ngân sách huyện');

--
-- Set default database
--
USE `misa.hcsn.tvtam`;

--
-- Drop trigger `trigger_delete_license`
--
DROP TRIGGER IF EXISTS trigger_delete_license;

--
-- Drop trigger `trigger_delete_license_detail`
--
DROP TRIGGER IF EXISTS trigger_delete_license_detail;

--
-- Drop trigger `trigger_insert_license_detail`
--
DROP TRIGGER IF EXISTS trigger_insert_license_detail;

--
-- Set default database
--
USE `misa.hcsn.tvtam`;

DELIMITER $$

--
-- Create trigger `trigger_insert_license_detail`
--
CREATE
DEFINER = 'root'@'localhost'
TRIGGER trigger_insert_license_detail
BEFORE INSERT
ON license_detail
FOR EACH ROW
BEGIN


  UPDATE fixed_asset fa
  SET fa.active = 1
  WHERE fa.fixed_asset_id = NEW.fixed_asset_id;

END
$$

--
-- Create trigger `trigger_delete_license_detail`
--
CREATE
DEFINER = 'root'@'localhost'
TRIGGER trigger_delete_license_detail
BEFORE DELETE
ON license_detail
FOR EACH ROW
BEGIN

  UPDATE fixed_asset fa
  SET fa.active = 0
  WHERE fa.fixed_asset_id = OLD.fixed_asset_id;


END
$$

--
-- Create trigger `trigger_delete_license`
--
CREATE
DEFINER = 'root'@'localhost'
TRIGGER trigger_delete_license
BEFORE DELETE
ON license
FOR EACH ROW
BEGIN
  DELETE
    FROM license_detail
  WHERE license_id = OLD.license_id;
END
$$

DELIMITER ;

-- 
-- Restore previous SQL mode
-- 
/*!40101 SET SQL_MODE=@OLD_SQL_MODE */;

-- 
-- Enable foreign keys
-- 
/*!40014 SET FOREIGN_KEY_CHECKS = @OLD_FOREIGN_KEY_CHECKS */;